date,views,keyword,article
202001,13489,cold plunge,Ice bath
202002,11501,cold plunge,Ice bath
202003,9021,cold plunge,Ice bath
202004,9105,cold plunge,Ice bath
202005,8803,cold plunge,Ice bath
202006,6772,cold plunge,Ice bath
202007,7523,cold plunge,Ice bath
202008,9462,cold plunge,Ice bath
202009,8304,cold plunge,Ice bath
202010,7342,cold plunge,Ice bath
202011,6701,cold plunge,Ice bath
202012,7311,cold plunge,Ice bath
202101,7996,cold plunge,Ice bath
202102,6300,cold plunge,Ice bath
202103,6266,cold plunge,Ice bath
202104,4820,cold plunge,Ice bath
202105,4606,cold plunge,Ice bath
202106,5734,cold plunge,Ice bath
202107,5820,cold plunge,Ice bath
202108,5539,cold plunge,Ice bath
202109,4979,cold plunge,Ice bath
202110,5107,cold plunge,Ice bath
202111,4201,cold plunge,Ice bath
202112,5078,cold plunge,Ice bath
202201,7761,cold plunge,Ice bath
202202,5010,cold plunge,Ice bath
202203,4605,cold plunge,Ice bath
202204,6704,cold plunge,Ice bath
202205,4868,cold plunge,Ice bath
202206,4177,cold plunge,Ice bath
202207,5602,cold plunge,Ice bath
202208,6326,cold plunge,Ice bath
202209,6271,cold plunge,Ice bath
202210,5303,cold plunge,Ice bath
202211,5624,cold plunge,Ice bath
202212,6673,cold plunge,Ice bath
202301,9087,cold plunge,Ice bath
202302,6841,cold plunge,Ice bath
202303,8299,cold plunge,Ice bath
202304,7636,cold plunge,Ice bath
202305,8621,cold plunge,Ice bath
202306,7817,cold plunge,Ice bath
202307,7887,cold plunge,Ice bath
202308,8342,cold plunge,Ice bath
202309,9569,cold plunge,Ice bath
202310,9066,cold plunge,Ice bath
202311,9754,cold plunge,Ice bath
202312,11619,cold plunge,Ice bath
202401,15645,cold plunge,Ice bath
202402,8791,cold plunge,Ice bath
202403,7091,cold plunge,Ice bath
202404,6116,cold plunge,Ice bath
202405,5189,cold plunge,Ice bath
202406,4554,cold plunge,Ice bath
202407,5037,cold plunge,Ice bath
202408,5170,cold plunge,Ice bath
202409,4664,cold plunge,Ice bath
202410,4657,cold plunge,Ice bath
202411,4889,cold plunge,Ice bath
202412,4923,cold plunge,Ice bath
202501,5580,cold plunge,Ice bath
202502,4017,cold plunge,Ice bath
202503,4224,cold plunge,Ice bath
202504,3399,cold plunge,Ice bath
202505,3335,cold plunge,Ice bath
202506,3808,cold plunge,Ice bath
202507,3888,cold plunge,Ice bath
202508,3623,cold plunge,Ice bath
202509,3116,cold plunge,Ice bath
202510,3224,cold plunge,Ice bath
202511,3226,cold plunge,Ice bath
202512,3292,cold plunge,Ice bath
202601,3082,cold plunge,Ice bath
202602,2204,cold plunge,Ice bath
202603,2325,cold plunge,Ice bath
202604,2242,cold plunge,Ice bath
202605,2441,cold plunge,Ice bath
202606,2423,cold plunge,Ice bath
202607,2534,cold plunge,Ice bath
202608,64,cold plunge,Ice bath
202001,24875,sauna,Sauna
202002,20251,sauna,Sauna
202003,20594,sauna,Sauna
202004,19195,sauna,Sauna
202005,18243,sauna,Sauna
202006,15308,sauna,Sauna
202007,16396,sauna,Sauna
202008,16961,sauna,Sauna
202009,15136,sauna,Sauna
202010,16217,sauna,Sauna
202011,15902,sauna,Sauna
202012,18916,sauna,Sauna
202101,17599,sauna,Sauna
202102,16159,sauna,Sauna
202103,18829,sauna,Sauna
202104,17860,sauna,Sauna
202105,17193,sauna,Sauna
202106,17028,sauna,Sauna
202107,17498,sauna,Sauna
202108,17294,sauna,Sauna
202109,16419,sauna,Sauna
202110,17195,sauna,Sauna
202111,17337,sauna,Sauna
202112,19998,sauna,Sauna
202201,22164,sauna,Sauna
202202,17804,sauna,Sauna
202203,17878,sauna,Sauna
202204,16740,sauna,Sauna
202205,16422,sauna,Sauna
202206,16303,sauna,Sauna
202207,19177,sauna,Sauna
202208,20293,sauna,Sauna
202209,19665,sauna,Sauna
202210,23604,sauna,Sauna
202211,22729,sauna,Sauna
202212,22975,sauna,Sauna
202301,24284,sauna,Sauna
202302,21850,sauna,Sauna
202303,24310,sauna,Sauna
202304,24266,sauna,Sauna
202305,24308,sauna,Sauna
202306,23130,sauna,Sauna
202307,23628,sauna,Sauna
202308,24244,sauna,Sauna
202309,20949,sauna,Sauna
202310,32693,sauna,Sauna
202311,22838,sauna,Sauna
202312,26110,sauna,Sauna
202401,32399,sauna,Sauna
202402,24307,sauna,Sauna
202403,24905,sauna,Sauna
202404,23359,sauna,Sauna
202405,18455,sauna,Sauna
202406,15144,sauna,Sauna
202407,15996,sauna,Sauna
202408,16349,sauna,Sauna
202409,15543,sauna,Sauna
202410,16460,sauna,Sauna
202411,16382,sauna,Sauna
202412,18455,sauna,Sauna
202501,20353,sauna,Sauna
202502,17005,sauna,Sauna
202503,21211,sauna,Sauna
202504,15424,sauna,Sauna
202505,18973,sauna,Sauna
202506,15926,sauna,Sauna
202507,16059,sauna,Sauna
202508,16910,sauna,Sauna
202509,15710,sauna,Sauna
202510,15502,sauna,Sauna
202511,20909,sauna,Sauna
202512,16633,sauna,Sauna
202601,17888,sauna,Sauna
202602,12360,sauna,Sauna
202603,12462,sauna,Sauna
202604,12162,sauna,Sauna
202605,14040,sauna,Sauna
202606,12209,sauna,Sauna
202607,12180,sauna,Sauna
202608,346,sauna,Sauna
202001,5606,red light therapy,Low-level laser therapy
202002,4577,red light therapy,Low-level laser therapy
202003,4139,red light therapy,Low-level laser therapy
202004,4534,red light therapy,Low-level laser therapy
202005,4397,red light therapy,Low-level laser therapy
202006,3429,red light therapy,Low-level laser therapy
202007,3535,red light therapy,Low-level laser therapy
202008,3163,red light therapy,Low-level laser therapy
202009,3472,red light therapy,Low-level laser therapy
202010,3756,red light therapy,Low-level laser therapy
202011,3809,red light therapy,Low-level laser therapy
202012,3725,red light therapy,Low-level laser therapy
202101,3751,red light therapy,Low-level laser therapy
202102,4029,red light therapy,Low-level laser therapy
202103,4231,red light therapy,Low-level laser therapy
202104,4067,red light therapy,Low-level laser therapy
202105,3664,red light therapy,Low-level laser therapy
202106,3522,red light therapy,Low-level laser therapy
202107,3113,red light therapy,Low-level laser therapy
202108,3286,red light therapy,Low-level laser therapy
202109,3249,red light therapy,Low-level laser therapy
202110,3369,red light therapy,Low-level laser therapy
202111,3339,red light therapy,Low-level laser therapy
202112,2955,red light therapy,Low-level laser therapy
202201,3145,red light therapy,Low-level laser therapy
202202,3181,red light therapy,Low-level laser therapy
202203,3374,red light therapy,Low-level laser therapy
202204,3427,red light therapy,Low-level laser therapy
202205,3007,red light therapy,Low-level laser therapy
202206,2870,red light therapy,Low-level laser therapy
202207,3129,red light therapy,Low-level laser therapy
202208,3675,red light therapy,Low-level laser therapy
202209,3361,red light therapy,Low-level laser therapy
202210,3422,red light therapy,Low-level laser therapy
202211,3229,red light therapy,Low-level laser therapy
202212,3322,red light therapy,Low-level laser therapy
202301,3234,red light therapy,Low-level laser therapy
202302,3462,red light therapy,Low-level laser therapy
202303,4252,red light therapy,Low-level laser therapy
202304,3821,red light therapy,Low-level laser therapy
202305,4166,red light therapy,Low-level laser therapy
202306,3711,red light therapy,Low-level laser therapy
202307,3737,red light therapy,Low-level laser therapy
202308,4056,red light therapy,Low-level laser therapy
202309,3875,red light therapy,Low-level laser therapy
202310,3925,red light therapy,Low-level laser therapy
202311,4373,red light therapy,Low-level laser therapy
202312,4550,red light therapy,Low-level laser therapy
202401,5144,red light therapy,Low-level laser therapy
202402,4397,red light therapy,Low-level laser therapy
202403,5483,red light therapy,Low-level laser therapy
202404,5288,red light therapy,Low-level laser therapy
202405,6046,red light therapy,Low-level laser therapy
202406,4800,red light therapy,Low-level laser therapy
202407,5282,red light therapy,Low-level laser therapy
202408,4325,red light therapy,Low-level laser therapy
202409,4552,red light therapy,Low-level laser therapy
202410,4643,red light therapy,Low-level laser therapy
202411,4556,red light therapy,Low-level laser therapy
202412,4779,red light therapy,Low-level laser therapy
202501,5434,red light therapy,Low-level laser therapy
202502,4205,red light therapy,Low-level laser therapy
202503,5084,red light therapy,Low-level laser therapy
202504,4081,red light therapy,Low-level laser therapy
202505,3867,red light therapy,Low-level laser therapy
202506,3596,red light therapy,Low-level laser therapy
202507,3984,red light therapy,Low-level laser therapy
202508,4293,red light therapy,Low-level laser therapy
202509,3812,red light therapy,Low-level laser therapy
202510,3741,red light therapy,Low-level laser therapy
202511,4224,red light therapy,Low-level laser therapy
202512,3839,red light therapy,Low-level laser therapy
202601,3684,red light therapy,Low-level laser therapy
202602,2827,red light therapy,Low-level laser therapy
202603,3151,red light therapy,Low-level laser therapy
202604,2890,red light therapy,Low-level laser therapy
202605,2928,red light therapy,Low-level laser therapy
202606,2315,red light therapy,Low-level laser therapy
202607,2298,red light therapy,Low-level laser therapy
202608,51,red light therapy,Low-level laser therapy
202001,276150,intermittent fasting,Intermittent fasting
202002,206438,intermittent fasting,Intermittent fasting
202003,130982,intermittent fasting,Intermittent fasting
202004,150209,intermittent fasting,Intermittent fasting
202005,186070,intermittent fasting,Intermittent fasting
202006,155636,intermittent fasting,Intermittent fasting
202007,203955,intermittent fasting,Intermittent fasting
202008,196544,intermittent fasting,Intermittent fasting
202009,131264,intermittent fasting,Intermittent fasting
202010,102587,intermittent fasting,Intermittent fasting
202011,88037,intermittent fasting,Intermittent fasting
202012,85727,intermittent fasting,Intermittent fasting
202101,148033,intermittent fasting,Intermittent fasting
202102,117108,intermittent fasting,Intermittent fasting
202103,139584,intermittent fasting,Intermittent fasting
202104,120580,intermittent fasting,Intermittent fasting
202105,114702,intermittent fasting,Intermittent fasting
202106,103589,intermittent fasting,Intermittent fasting
202107,97355,intermittent fasting,Intermittent fasting
202108,80330,intermittent fasting,Intermittent fasting
202109,87807,intermittent fasting,Intermittent fasting
202110,77903,intermittent fasting,Intermittent fasting
202111,61307,intermittent fasting,Intermittent fasting
202112,63015,intermittent fasting,Intermittent fasting
202201,104196,intermittent fasting,Intermittent fasting
202202,72834,intermittent fasting,Intermittent fasting
202203,77702,intermittent fasting,Intermittent fasting
202204,106315,intermittent fasting,Intermittent fasting
202205,93572,intermittent fasting,Intermittent fasting
202206,95953,intermittent fasting,Intermittent fasting
202207,100922,intermittent fasting,Intermittent fasting
202208,102915,intermittent fasting,Intermittent fasting
202209,77454,intermittent fasting,Intermittent fasting
202210,78264,intermittent fasting,Intermittent fasting
202211,73823,intermittent fasting,Intermittent fasting
202212,65238,intermittent fasting,Intermittent fasting
202301,107141,intermittent fasting,Intermittent fasting
202302,46489,intermittent fasting,Intermittent fasting
202303,36332,intermittent fasting,Intermittent fasting
202304,33606,intermittent fasting,Intermittent fasting
202305,40580,intermittent fasting,Intermittent fasting
202306,35588,intermittent fasting,Intermittent fasting
202307,34236,intermittent fasting,Intermittent fasting
202308,33503,intermittent fasting,Intermittent fasting
202309,25839,intermittent fasting,Intermittent fasting
202310,44989,intermittent fasting,Intermittent fasting
202311,29530,intermittent fasting,Intermittent fasting
202312,43487,intermittent fasting,Intermittent fasting
202401,74155,intermittent fasting,Intermittent fasting
202402,43687,intermittent fasting,Intermittent fasting
202403,71317,intermittent fasting,Intermittent fasting
202404,45443,intermittent fasting,Intermittent fasting
202405,60491,intermittent fasting,Intermittent fasting
202406,69116,intermittent fasting,Intermittent fasting
202407,57078,intermittent fasting,Intermittent fasting
202408,44593,intermittent fasting,Intermittent fasting
202409,39513,intermittent fasting,Intermittent fasting
202410,32405,intermittent fasting,Intermittent fasting
202411,16801,intermittent fasting,Intermittent fasting
202412,15029,intermittent fasting,Intermittent fasting
202501,22461,intermittent fasting,Intermittent fasting
202502,15605,intermittent fasting,Intermittent fasting
202503,19966,intermittent fasting,Intermittent fasting
202504,15538,intermittent fasting,Intermittent fasting
202505,14506,intermittent fasting,Intermittent fasting
202506,15151,intermittent fasting,Intermittent fasting
202507,14814,intermittent fasting,Intermittent fasting
202508,12958,intermittent fasting,Intermittent fasting
202509,10860,intermittent fasting,Intermittent fasting
202510,10740,intermittent fasting,Intermittent fasting
202511,10193,intermittent fasting,Intermittent fasting
202512,9639,intermittent fasting,Intermittent fasting
202601,10645,intermittent fasting,Intermittent fasting
202602,8860,intermittent fasting,Intermittent fasting
202603,9706,intermittent fasting,Intermittent fasting
202604,7813,intermittent fasting,Intermittent fasting
202605,7726,intermittent fasting,Intermittent fasting
202606,7615,intermittent fasting,Intermittent fasting
202607,7458,intermittent fasting,Intermittent fasting
202608,218,intermittent fasting,Intermittent fasting
202001,65180,creatine,Creatine
202002,51149,creatine,Creatine
202003,38220,creatine,Creatine
202004,35571,creatine,Creatine
202005,42345,creatine,Creatine
202006,48823,creatine,Creatine
202007,42432,creatine,Creatine
202008,45013,creatine,Creatine
202009,45176,creatine,Creatine
202010,50102,creatine,Creatine
202011,35911,creatine,Creatine
202012,40184,creatine,Creatine
202101,50418,creatine,Creatine
202102,47989,creatine,Creatine
202103,60043,creatine,Creatine
202104,56094,creatine,Creatine
202105,60041,creatine,Creatine
202106,48765,creatine,Creatine
202107,47711,creatine,Creatine
202108,45903,creatine,Creatine
202109,44357,creatine,Creatine
202110,44438,creatine,Creatine
202111,40265,creatine,Creatine
202112,42525,creatine,Creatine
202201,60117,creatine,Creatine
202202,57042,creatine,Creatine
202203,64927,creatine,Creatine
202204,61170,creatine,Creatine
202205,54914,creatine,Creatine
202206,56032,creatine,Creatine
202207,57038,creatine,Creatine
202208,58354,creatine,Creatine
202209,54189,creatine,Creatine
202210,58218,creatine,Creatine
202211,53374,creatine,Creatine
202212,46964,creatine,Creatine
202301,58752,creatine,Creatine
202302,42861,creatine,Creatine
202303,42603,creatine,Creatine
202304,41614,creatine,Creatine
202305,42488,creatine,Creatine
202306,38795,creatine,Creatine
202307,48868,creatine,Creatine
202308,49347,creatine,Creatine
202309,43013,creatine,Creatine
202310,43787,creatine,Creatine
202311,45222,creatine,Creatine
202312,37953,creatine,Creatine
202401,44307,creatine,Creatine
202402,39250,creatine,Creatine
202403,43002,creatine,Creatine
202404,43192,creatine,Creatine
202405,41434,creatine,Creatine
202406,40381,creatine,Creatine
202407,45834,creatine,Creatine
202408,48451,creatine,Creatine
202409,47806,creatine,Creatine
202410,53094,creatine,Creatine
202411,56273,creatine,Creatine
202412,48214,creatine,Creatine
202501,68957,creatine,Creatine
202502,56942,creatine,Creatine
202503,60132,creatine,Creatine
202504,58614,creatine,Creatine
202505,60348,creatine,Creatine
202506,53593,creatine,Creatine
202507,57222,creatine,Creatine
202508,69580,creatine,Creatine
202509,80376,creatine,Creatine
202510,90493,creatine,Creatine
202511,65095,creatine,Creatine
202512,51239,creatine,Creatine
202601,53839,creatine,Creatine
202602,49069,creatine,Creatine
202603,47754,creatine,Creatine
202604,50099,creatine,Creatine
202605,44890,creatine,Creatine
202606,35328,creatine,Creatine
202607,34552,creatine,Creatine
202608,982,creatine,Creatine
202001,16553,NMN,Nicotinamide mononucleotide
202002,12057,NMN,Nicotinamide mononucleotide
202003,9089,NMN,Nicotinamide mononucleotide
202004,9040,NMN,Nicotinamide mononucleotide
202005,11725,NMN,Nicotinamide mononucleotide
202006,9934,NMN,Nicotinamide mononucleotide
202007,11853,NMN,Nicotinamide mononucleotide
202008,13007,NMN,Nicotinamide mononucleotide
202009,12123,NMN,Nicotinamide mononucleotide
202010,12067,NMN,Nicotinamide mononucleotide
202011,11984,NMN,Nicotinamide mononucleotide
202012,13093,NMN,Nicotinamide mononucleotide
202101,13337,NMN,Nicotinamide mononucleotide
202102,11790,NMN,Nicotinamide mononucleotide
202103,13326,NMN,Nicotinamide mononucleotide
202104,12360,NMN,Nicotinamide mononucleotide
202105,11034,NMN,Nicotinamide mononucleotide
202106,11910,NMN,Nicotinamide mononucleotide
202107,10293,NMN,Nicotinamide mononucleotide
202108,10297,NMN,Nicotinamide mononucleotide
202109,9305,NMN,Nicotinamide mononucleotide
202110,10635,NMN,Nicotinamide mononucleotide
202111,8519,NMN,Nicotinamide mononucleotide
202112,9066,NMN,Nicotinamide mononucleotide
202201,11828,NMN,Nicotinamide mononucleotide
202202,9448,NMN,Nicotinamide mononucleotide
202203,9217,NMN,Nicotinamide mononucleotide
202204,8453,NMN,Nicotinamide mononucleotide
202205,9433,NMN,Nicotinamide mononucleotide
202206,10074,NMN,Nicotinamide mononucleotide
202207,9474,NMN,Nicotinamide mononucleotide
202208,11328,NMN,Nicotinamide mononucleotide
202209,9828,NMN,Nicotinamide mononucleotide
202210,9121,NMN,Nicotinamide mononucleotide
202211,12241,NMN,Nicotinamide mononucleotide
202212,11654,NMN,Nicotinamide mononucleotide
202301,19312,NMN,Nicotinamide mononucleotide
202302,17723,NMN,Nicotinamide mononucleotide
202303,21466,NMN,Nicotinamide mononucleotide
202304,18558,NMN,Nicotinamide mononucleotide
202305,16949,NMN,Nicotinamide mononucleotide
202306,15181,NMN,Nicotinamide mononucleotide
202307,16147,NMN,Nicotinamide mononucleotide
202308,13841,NMN,Nicotinamide mononucleotide
202309,13057,NMN,Nicotinamide mononucleotide
202310,12858,NMN,Nicotinamide mononucleotide
202311,11168,NMN,Nicotinamide mononucleotide
202312,11023,NMN,Nicotinamide mononucleotide
202401,13290,NMN,Nicotinamide mononucleotide
202402,13967,NMN,Nicotinamide mononucleotide
202403,14327,NMN,Nicotinamide mononucleotide
202404,14606,NMN,Nicotinamide mononucleotide
202405,14323,NMN,Nicotinamide mononucleotide
202406,14988,NMN,Nicotinamide mononucleotide
202407,42216,NMN,Nicotinamide mononucleotide
202408,13626,NMN,Nicotinamide mononucleotide
202409,10306,NMN,Nicotinamide mononucleotide
202410,12272,NMN,Nicotinamide mononucleotide
202411,13296,NMN,Nicotinamide mononucleotide
202412,15612,NMN,Nicotinamide mononucleotide
202501,20671,NMN,Nicotinamide mononucleotide
202502,13234,NMN,Nicotinamide mononucleotide
202503,14901,NMN,Nicotinamide mononucleotide
202504,11302,NMN,Nicotinamide mononucleotide
202505,10440,NMN,Nicotinamide mononucleotide
202506,9414,NMN,Nicotinamide mononucleotide
202507,9061,NMN,Nicotinamide mononucleotide
202508,10221,NMN,Nicotinamide mononucleotide
202509,8091,NMN,Nicotinamide mononucleotide
202510,7719,NMN,Nicotinamide mononucleotide
202511,7807,NMN,Nicotinamide mononucleotide
202512,7958,NMN,Nicotinamide mononucleotide
202601,9180,NMN,Nicotinamide mononucleotide
202602,7934,NMN,Nicotinamide mononucleotide
202603,7031,NMN,Nicotinamide mononucleotide
202604,6737,NMN,Nicotinamide mononucleotide
202605,7064,NMN,Nicotinamide mononucleotide
202606,5420,NMN,Nicotinamide mononucleotide
202607,5001,NMN,Nicotinamide mononucleotide
202608,146,NMN,Nicotinamide mononucleotide
202001,5698,magnesium,Magnesium in biology
202002,5505,magnesium,Magnesium in biology
202003,5675,magnesium,Magnesium in biology
202004,5703,magnesium,Magnesium in biology
202005,5080,magnesium,Magnesium in biology
202006,4364,magnesium,Magnesium in biology
202007,3989,magnesium,Magnesium in biology
202008,4300,magnesium,Magnesium in biology
202009,4932,magnesium,Magnesium in biology
202010,5739,magnesium,Magnesium in biology
202011,5356,magnesium,Magnesium in biology
202012,4846,magnesium,Magnesium in biology
202101,4804,magnesium,Magnesium in biology
202102,4798,magnesium,Magnesium in biology
202103,5347,magnesium,Magnesium in biology
202104,4451,magnesium,Magnesium in biology
202105,4419,magnesium,Magnesium in biology
202106,3780,magnesium,Magnesium in biology
202107,5005,magnesium,Magnesium in biology
202108,4000,magnesium,Magnesium in biology
202109,4067,magnesium,Magnesium in biology
202110,4220,magnesium,Magnesium in biology
202111,4115,magnesium,Magnesium in biology
202112,3671,magnesium,Magnesium in biology
202201,4133,magnesium,Magnesium in biology
202202,4178,magnesium,Magnesium in biology
202203,4494,magnesium,Magnesium in biology
202204,4548,magnesium,Magnesium in biology
202205,4832,magnesium,Magnesium in biology
202206,4335,magnesium,Magnesium in biology
202207,3531,magnesium,Magnesium in biology
202208,3160,magnesium,Magnesium in biology
202209,3328,magnesium,Magnesium in biology
202210,3710,magnesium,Magnesium in biology
202211,3603,magnesium,Magnesium in biology
202212,3155,magnesium,Magnesium in biology
202301,3589,magnesium,Magnesium in biology
202302,3526,magnesium,Magnesium in biology
202303,4212,magnesium,Magnesium in biology
202304,3726,magnesium,Magnesium in biology
202305,3976,magnesium,Magnesium in biology
202306,3469,magnesium,Magnesium in biology
202307,3803,magnesium,Magnesium in biology
202308,3437,magnesium,Magnesium in biology
202309,3927,magnesium,Magnesium in biology
202310,3828,magnesium,Magnesium in biology
202311,3581,magnesium,Magnesium in biology
202312,3549,magnesium,Magnesium in biology
202401,3865,magnesium,Magnesium in biology
202402,3410,magnesium,Magnesium in biology
202403,3850,magnesium,Magnesium in biology
202404,3400,magnesium,Magnesium in biology
202405,3816,magnesium,Magnesium in biology
202406,3391,magnesium,Magnesium in biology
202407,3477,magnesium,Magnesium in biology
202408,2955,magnesium,Magnesium in biology
202409,2928,magnesium,Magnesium in biology
202410,3009,magnesium,Magnesium in biology
202411,2874,magnesium,Magnesium in biology
202412,2436,magnesium,Magnesium in biology
202501,2960,magnesium,Magnesium in biology
202502,2639,magnesium,Magnesium in biology
202503,3190,magnesium,Magnesium in biology
202504,2589,magnesium,Magnesium in biology
202505,2543,magnesium,Magnesium in biology
202506,2298,magnesium,Magnesium in biology
202507,2515,magnesium,Magnesium in biology
202508,2604,magnesium,Magnesium in biology
202509,2556,magnesium,Magnesium in biology
202510,2427,magnesium,Magnesium in biology
202511,2254,magnesium,Magnesium in biology
202512,2086,magnesium,Magnesium in biology
202601,2271,magnesium,Magnesium in biology
202602,1961,magnesium,Magnesium in biology
202603,2281,magnesium,Magnesium in biology
202604,2273,magnesium,Magnesium in biology
202605,2004,magnesium,Magnesium in biology
202606,1958,magnesium,Magnesium in biology
202607,1680,magnesium,Magnesium in biology
202608,59,magnesium,Magnesium in biology
202001,1916,ashwagandha,Ashwagandha
202002,1510,ashwagandha,Ashwagandha
202003,1353,ashwagandha,Ashwagandha
202004,1304,ashwagandha,Ashwagandha
202005,1624,ashwagandha,Ashwagandha
202006,1502,ashwagandha,Ashwagandha
202007,1436,ashwagandha,Ashwagandha
202008,1328,ashwagandha,Ashwagandha
202009,1241,ashwagandha,Ashwagandha
202010,1250,ashwagandha,Ashwagandha
202011,1243,ashwagandha,Ashwagandha
202012,1142,ashwagandha,Ashwagandha
202101,1356,ashwagandha,Ashwagandha
202102,1340,ashwagandha,Ashwagandha
202103,1385,ashwagandha,Ashwagandha
202104,1322,ashwagandha,Ashwagandha
202105,1605,ashwagandha,Ashwagandha
202106,1639,ashwagandha,Ashwagandha
202107,1571,ashwagandha,Ashwagandha
202108,1303,ashwagandha,Ashwagandha
202109,1106,ashwagandha,Ashwagandha
202110,1132,ashwagandha,Ashwagandha
202111,1079,ashwagandha,Ashwagandha
202112,1196,ashwagandha,Ashwagandha
202201,1295,ashwagandha,Ashwagandha
202202,1149,ashwagandha,Ashwagandha
202203,1070,ashwagandha,Ashwagandha
202204,1121,ashwagandha,Ashwagandha
202205,1221,ashwagandha,Ashwagandha
202206,1150,ashwagandha,Ashwagandha
202207,1163,ashwagandha,Ashwagandha
202208,1125,ashwagandha,Ashwagandha
202209,763,ashwagandha,Ashwagandha
202210,834,ashwagandha,Ashwagandha
202211,813,ashwagandha,Ashwagandha
202212,781,ashwagandha,Ashwagandha
202301,1022,ashwagandha,Ashwagandha
202302,908,ashwagandha,Ashwagandha
202303,954,ashwagandha,Ashwagandha
202304,865,ashwagandha,Ashwagandha
202305,794,ashwagandha,Ashwagandha
202306,771,ashwagandha,Ashwagandha
202307,732,ashwagandha,Ashwagandha
202308,738,ashwagandha,Ashwagandha
202309,707,ashwagandha,Ashwagandha
202310,787,ashwagandha,Ashwagandha
202311,809,ashwagandha,Ashwagandha
202312,852,ashwagandha,Ashwagandha
202401,947,ashwagandha,Ashwagandha
202402,843,ashwagandha,Ashwagandha
202403,901,ashwagandha,Ashwagandha
202404,780,ashwagandha,Ashwagandha
202405,740,ashwagandha,Ashwagandha
202406,687,ashwagandha,Ashwagandha
202407,829,ashwagandha,Ashwagandha
202408,847,ashwagandha,Ashwagandha
202409,915,ashwagandha,Ashwagandha
202410,1053,ashwagandha,Ashwagandha
202411,959,ashwagandha,Ashwagandha
202412,833,ashwagandha,Ashwagandha
202501,980,ashwagandha,Ashwagandha
202502,884,ashwagandha,Ashwagandha
202503,1007,ashwagandha,Ashwagandha
202504,754,ashwagandha,Ashwagandha
202505,655,ashwagandha,Ashwagandha
202506,595,ashwagandha,Ashwagandha
202507,625,ashwagandha,Ashwagandha
202508,637,ashwagandha,Ashwagandha
202509,673,ashwagandha,Ashwagandha
202510,874,ashwagandha,Ashwagandha
202511,952,ashwagandha,Ashwagandha
202512,967,ashwagandha,Ashwagandha
202601,1239,ashwagandha,Ashwagandha
202602,1021,ashwagandha,Ashwagandha
202603,1129,ashwagandha,Ashwagandha
202604,1110,ashwagandha,Ashwagandha
202605,1160,ashwagandha,Ashwagandha
202606,1114,ashwagandha,Ashwagandha
202607,1392,ashwagandha,Ashwagandha
202608,92,ashwagandha,Ashwagandha
202001,7110,breathwork,Breathwork
202002,6628,breathwork,Breathwork
202003,8823,breathwork,Breathwork
202004,7671,breathwork,Breathwork
202005,7230,breathwork,Breathwork
202006,5533,breathwork,Breathwork
202007,8650,breathwork,Breathwork
202008,7290,breathwork,Breathwork
202009,6592,breathwork,Breathwork
202010,6775,breathwork,Breathwork
202011,6842,breathwork,Breathwork
202012,5977,breathwork,Breathwork
202101,6212,breathwork,Breathwork
202102,5665,breathwork,Breathwork
202103,6842,breathwork,Breathwork
202104,5642,breathwork,Breathwork
202105,5321,breathwork,Breathwork
202106,5337,breathwork,Breathwork
202107,5016,breathwork,Breathwork
202108,4796,breathwork,Breathwork
202109,4127,breathwork,Breathwork
202110,4203,breathwork,Breathwork
202111,4436,breathwork,Breathwork
202112,4945,breathwork,Breathwork
202201,5644,breathwork,Breathwork
202202,4386,breathwork,Breathwork
202203,4427,breathwork,Breathwork
202204,5184,breathwork,Breathwork
202205,4163,breathwork,Breathwork
202206,3967,breathwork,Breathwork
202207,4375,breathwork,Breathwork
202208,5180,breathwork,Breathwork
202209,5362,breathwork,Breathwork
202210,4625,breathwork,Breathwork
202211,4394,breathwork,Breathwork
202212,4062,breathwork,Breathwork
202301,5228,breathwork,Breathwork
202302,4469,breathwork,Breathwork
202303,4738,breathwork,Breathwork
202304,3856,breathwork,Breathwork
202305,4624,breathwork,Breathwork
202306,4472,breathwork,Breathwork
202307,4394,breathwork,Breathwork
202308,4548,breathwork,Breathwork
202309,4374,breathwork,Breathwork
202310,4465,breathwork,Breathwork
202311,5277,breathwork,Breathwork
202312,5164,breathwork,Breathwork
202401,8079,breathwork,Breathwork
202402,5276,breathwork,Breathwork
202403,2046,breathwork,Breathwork
202404,1123,breathwork,Breathwork
202405,1067,breathwork,Breathwork
202406,845,breathwork,Breathwork
202407,1069,breathwork,Breathwork
202408,895,breathwork,Breathwork
202409,864,breathwork,Breathwork
202410,818,breathwork,Breathwork
202411,747,breathwork,Breathwork
202412,629,breathwork,Breathwork
202501,660,breathwork,Breathwork
202502,573,breathwork,Breathwork
202503,582,breathwork,Breathwork
202504,458,breathwork,Breathwork
202505,442,breathwork,Breathwork
202506,344,breathwork,Breathwork
202507,356,breathwork,Breathwork
202508,356,breathwork,Breathwork
202509,370,breathwork,Breathwork
202510,368,breathwork,Breathwork
202511,345,breathwork,Breathwork
202512,313,breathwork,Breathwork
202601,425,breathwork,Breathwork
202602,379,breathwork,Breathwork
202603,342,breathwork,Breathwork
202604,323,breathwork,Breathwork
202605,296,breathwork,Breathwork
202606,301,breathwork,Breathwork
202607,225,breathwork,Breathwork
202608,12,breathwork,Breathwork
202001,61332,meditation,Meditation
202002,57116,meditation,Meditation
202003,58138,meditation,Meditation
202004,74182,meditation,Meditation
202005,66400,meditation,Meditation
202006,52304,meditation,Meditation
202007,53068,meditation,Meditation
202008,50779,meditation,Meditation
202009,51309,meditation,Meditation
202010,51109,meditation,Meditation
202011,45343,meditation,Meditation
202012,49580,meditation,Meditation
202101,54148,meditation,Meditation
202102,49719,meditation,Meditation
202103,53231,meditation,Meditation
202104,45727,meditation,Meditation
202105,47008,meditation,Meditation
202106,45769,meditation,Meditation
202107,45696,meditation,Meditation
202108,41844,meditation,Meditation
202109,40805,meditation,Meditation
202110,42646,meditation,Meditation
202111,42337,meditation,Meditation
202112,42702,meditation,Meditation
202201,52953,meditation,Meditation
202202,47233,meditation,Meditation
202203,46335,meditation,Meditation
202204,42834,meditation,Meditation
202205,44747,meditation,Meditation
202206,43184,meditation,Meditation
202207,42242,meditation,Meditation
202208,42514,meditation,Meditation
202209,43715,meditation,Meditation
202210,48114,meditation,Meditation
202211,47262,meditation,Meditation
202212,45476,meditation,Meditation
202301,51058,meditation,Meditation
202302,44448,meditation,Meditation
202303,49762,meditation,Meditation
202304,45799,meditation,Meditation
202305,49595,meditation,Meditation
202306,47749,meditation,Meditation
202307,45031,meditation,Meditation
202308,45617,meditation,Meditation
202309,45312,meditation,Meditation
202310,50238,meditation,Meditation
202311,48065,meditation,Meditation
202312,47396,meditation,Meditation
202401,59616,meditation,Meditation
202402,50192,meditation,Meditation
202403,54304,meditation,Meditation
202404,51683,meditation,Meditation
202405,48527,meditation,Meditation
202406,39767,meditation,Meditation
202407,37976,meditation,Meditation
202408,37274,meditation,Meditation
202409,38324,meditation,Meditation
202410,42306,meditation,Meditation
202411,42316,meditation,Meditation
202412,41729,meditation,Meditation
202501,45123,meditation,Meditation
202502,29892,meditation,Meditation
202503,30205,meditation,Meditation
202504,26975,meditation,Meditation
202505,26858,meditation,Meditation
202506,23301,meditation,Meditation
202507,23398,meditation,Meditation
202508,23509,meditation,Meditation
202509,25729,meditation,Meditation
202510,23182,meditation,Meditation
202511,28349,meditation,Meditation
202512,22693,meditation,Meditation
202601,22040,meditation,Meditation
202602,19087,meditation,Meditation
202603,20699,meditation,Meditation
202604,21001,meditation,Meditation
202605,24395,meditation,Meditation
202606,45782,meditation,Meditation
202607,27770,meditation,Meditation
202608,505,meditation,Meditation
202001,29940,zone 2,Aerobic exercise
202002,24702,zone 2,Aerobic exercise
202003,25833,zone 2,Aerobic exercise
202004,34842,zone 2,Aerobic exercise
202005,31412,zone 2,Aerobic exercise
202006,25245,zone 2,Aerobic exercise
202007,25476,zone 2,Aerobic exercise
202008,29228,zone 2,Aerobic exercise
202009,42036,zone 2,Aerobic exercise
202010,44730,zone 2,Aerobic exercise
202011,34799,zone 2,Aerobic exercise
202012,29915,zone 2,Aerobic exercise
202101,30554,zone 2,Aerobic exercise
202102,26998,zone 2,Aerobic exercise
202103,27874,zone 2,Aerobic exercise
202104,22926,zone 2,Aerobic exercise
202105,21158,zone 2,Aerobic exercise
202106,22801,zone 2,Aerobic exercise
202107,21129,zone 2,Aerobic exercise
202108,21775,zone 2,Aerobic exercise
202109,26018,zone 2,Aerobic exercise
202110,26414,zone 2,Aerobic exercise
202111,23541,zone 2,Aerobic exercise
202112,20332,zone 2,Aerobic exercise
202201,21727,zone 2,Aerobic exercise
202202,19996,zone 2,Aerobic exercise
202203,20014,zone 2,Aerobic exercise
202204,17243,zone 2,Aerobic exercise
202205,17039,zone 2,Aerobic exercise
202206,16086,zone 2,Aerobic exercise
202207,16458,zone 2,Aerobic exercise
202208,20331,zone 2,Aerobic exercise
202209,22737,zone 2,Aerobic exercise
202210,21781,zone 2,Aerobic exercise
202211,20754,zone 2,Aerobic exercise
202212,16433,zone 2,Aerobic exercise
202301,19385,zone 2,Aerobic exercise
202302,17247,zone 2,Aerobic exercise
202303,20535,zone 2,Aerobic exercise
202304,15891,zone 2,Aerobic exercise
202305,17106,zone 2,Aerobic exercise
202306,15506,zone 2,Aerobic exercise
202307,16246,zone 2,Aerobic exercise
202308,16007,zone 2,Aerobic exercise
202309,16703,zone 2,Aerobic exercise
202310,17776,zone 2,Aerobic exercise
202311,16952,zone 2,Aerobic exercise
202312,14382,zone 2,Aerobic exercise
202401,17098,zone 2,Aerobic exercise
202402,14839,zone 2,Aerobic exercise
202403,17382,zone 2,Aerobic exercise
202404,17431,zone 2,Aerobic exercise
202405,17420,zone 2,Aerobic exercise
202406,15709,zone 2,Aerobic exercise
202407,16504,zone 2,Aerobic exercise
202408,17747,zone 2,Aerobic exercise
202409,16317,zone 2,Aerobic exercise
202410,14778,zone 2,Aerobic exercise
202411,12511,zone 2,Aerobic exercise
202412,13077,zone 2,Aerobic exercise
202501,15618,zone 2,Aerobic exercise
202502,11460,zone 2,Aerobic exercise
202503,12824,zone 2,Aerobic exercise
202504,9428,zone 2,Aerobic exercise
202505,9956,zone 2,Aerobic exercise
202506,9121,zone 2,Aerobic exercise
202507,9095,zone 2,Aerobic exercise
202508,9547,zone 2,Aerobic exercise
202509,9549,zone 2,Aerobic exercise
202510,8510,zone 2,Aerobic exercise
202511,8107,zone 2,Aerobic exercise
202512,7903,zone 2,Aerobic exercise
202601,8511,zone 2,Aerobic exercise
202602,7618,zone 2,Aerobic exercise
202603,7777,zone 2,Aerobic exercise
202604,7204,zone 2,Aerobic exercise
202605,8253,zone 2,Aerobic exercise
202606,7862,zone 2,Aerobic exercise
202607,7529,zone 2,Aerobic exercise
202608,172,zone 2,Aerobic exercise
202001,277844,keto,Ketogenic diet
202002,186607,keto,Ketogenic diet
202003,130296,keto,Ketogenic diet
202004,119319,keto,Ketogenic diet
202005,131596,keto,Ketogenic diet
202006,94458,keto,Ketogenic diet
202007,114487,keto,Ketogenic diet
202008,111143,keto,Ketogenic diet
202009,103692,keto,Ketogenic diet
202010,109453,keto,Ketogenic diet
202011,72170,keto,Ketogenic diet
202012,69084,keto,Ketogenic diet
202101,103111,keto,Ketogenic diet
202102,84749,keto,Ketogenic diet
202103,92190,keto,Ketogenic diet
202104,78407,keto,Ketogenic diet
202105,76634,keto,Ketogenic diet
202106,69239,keto,Ketogenic diet
202107,63493,keto,Ketogenic diet
202108,59924,keto,Ketogenic diet
202109,58977,keto,Ketogenic diet
202110,59848,keto,Ketogenic diet
202111,50619,keto,Ketogenic diet
202112,48900,keto,Ketogenic diet
202201,79930,keto,Ketogenic diet
202202,71802,keto,Ketogenic diet
202203,80002,keto,Ketogenic diet
202204,65607,keto,Ketogenic diet
202205,73907,keto,Ketogenic diet
202206,59115,keto,Ketogenic diet
202207,54588,keto,Ketogenic diet
202208,49534,keto,Ketogenic diet
202209,46750,keto,Ketogenic diet
202210,44673,keto,Ketogenic diet
202211,45917,keto,Ketogenic diet
202212,37064,keto,Ketogenic diet
202301,49358,keto,Ketogenic diet
202302,38976,keto,Ketogenic diet
202303,43690,keto,Ketogenic diet
202304,39385,keto,Ketogenic diet
202305,40684,keto,Ketogenic diet
202306,36512,keto,Ketogenic diet
202307,37408,keto,Ketogenic diet
202308,39088,keto,Ketogenic diet
202309,27505,keto,Ketogenic diet
202310,29120,keto,Ketogenic diet
202311,27792,keto,Ketogenic diet
202312,26500,keto,Ketogenic diet
202401,41005,keto,Ketogenic diet
202402,39265,keto,Ketogenic diet
202403,56829,keto,Ketogenic diet
202404,57051,keto,Ketogenic diet
202405,49412,keto,Ketogenic diet
202406,65369,keto,Ketogenic diet
202407,38771,keto,Ketogenic diet
202408,32853,keto,Ketogenic diet
202409,34461,keto,Ketogenic diet
202410,38172,keto,Ketogenic diet
202411,36901,keto,Ketogenic diet
202412,29758,keto,Ketogenic diet
202501,41704,keto,Ketogenic diet
202502,26363,keto,Ketogenic diet
202503,26425,keto,Ketogenic diet
202504,23654,keto,Ketogenic diet
202505,21771,keto,Ketogenic diet
202506,17821,keto,Ketogenic diet
202507,17308,keto,Ketogenic diet
202508,15842,keto,Ketogenic diet
202509,15237,keto,Ketogenic diet
202510,12658,keto,Ketogenic diet
202511,12950,keto,Ketogenic diet
202512,21805,keto,Ketogenic diet
202601,15240,keto,Ketogenic diet
202602,11852,keto,Ketogenic diet
202603,9890,keto,Ketogenic diet
202604,8765,keto,Ketogenic diet
202605,9809,keto,Ketogenic diet
202606,10607,keto,Ketogenic diet
202607,9260,keto,Ketogenic diet
202608,269,keto,Ketogenic diet
202001,97061,metformin,Metformin
202002,93600,metformin,Metformin
202003,85730,metformin,Metformin
202004,77042,metformin,Metformin
202005,71262,metformin,Metformin
202006,66785,metformin,Metformin
202007,77969,metformin,Metformin
202008,54833,metformin,Metformin
202009,66890,metformin,Metformin
202010,59306,metformin,Metformin
202011,71443,metformin,Metformin
202012,74171,metformin,Metformin
202101,79346,metformin,Metformin
202102,77707,metformin,Metformin
202103,91165,metformin,Metformin
202104,86158,metformin,Metformin
202105,85093,metformin,Metformin
202106,86858,metformin,Metformin
202107,84980,metformin,Metformin
202108,79947,metformin,Metformin
202109,77715,metformin,Metformin
202110,77556,metformin,Metformin
202111,74107,metformin,Metformin
202112,71922,metformin,Metformin
202201,80249,metformin,Metformin
202202,81635,metformin,Metformin
202203,88421,metformin,Metformin
202204,79229,metformin,Metformin
202205,80119,metformin,Metformin
202206,75384,metformin,Metformin
202207,71124,metformin,Metformin
202208,78063,metformin,Metformin
202209,71965,metformin,Metformin
202210,74236,metformin,Metformin
202211,72263,metformin,Metformin
202212,75983,metformin,Metformin
202301,93704,metformin,Metformin
202302,87751,metformin,Metformin
202303,92253,metformin,Metformin
202304,78322,metformin,Metformin
202305,83824,metformin,Metformin
202306,83074,metformin,Metformin
202307,78542,metformin,Metformin
202308,82366,metformin,Metformin
202309,75819,metformin,Metformin
202310,75278,metformin,Metformin
202311,74524,metformin,Metformin
202312,71500,metformin,Metformin
202401,81147,metformin,Metformin
202402,76289,metformin,Metformin
202403,81418,metformin,Metformin
202404,83636,metformin,Metformin
202405,82523,metformin,Metformin
202406,72028,metformin,Metformin
202407,82597,metformin,Metformin
202408,95553,metformin,Metformin
202409,96418,metformin,Metformin
202410,91155,metformin,Metformin
202411,87038,metformin,Metformin
202412,69290,metformin,Metformin
202501,82527,metformin,Metformin
202502,63440,metformin,Metformin
202503,63410,metformin,Metformin
202504,58922,metformin,Metformin
202505,66441,metformin,Metformin
202506,58661,metformin,Metformin
202507,57766,metformin,Metformin
202508,55845,metformin,Metformin
202509,52313,metformin,Metformin
202510,51721,metformin,Metformin
202511,55750,metformin,Metformin
202512,45474,metformin,Metformin
202601,45891,metformin,Metformin
202602,44271,metformin,Metformin
202603,46012,metformin,Metformin
202604,39095,metformin,Metformin
202605,42902,metformin,Metformin
202606,38599,metformin,Metformin
202607,39545,metformin,Metformin
202608,1105,metformin,Metformin
202001,15003,light therapy,Light therapy
202002,11000,light therapy,Light therapy
202003,10387,light therapy,Light therapy
202004,13586,light therapy,Light therapy
202005,8953,light therapy,Light therapy
202006,6988,light therapy,Light therapy
202007,7596,light therapy,Light therapy
202008,7400,light therapy,Light therapy
202009,8747,light therapy,Light therapy
202010,11820,light therapy,Light therapy
202011,12138,light therapy,Light therapy
202012,11356,light therapy,Light therapy
202101,10284,light therapy,Light therapy
202102,8318,light therapy,Light therapy
202103,8233,light therapy,Light therapy
202104,7597,light therapy,Light therapy
202105,7022,light therapy,Light therapy
202106,6030,light therapy,Light therapy
202107,6023,light therapy,Light therapy
202108,6794,light therapy,Light therapy
202109,6690,light therapy,Light therapy
202110,8664,light therapy,Light therapy
202111,9857,light therapy,Light therapy
202112,9625,light therapy,Light therapy
202201,10018,light therapy,Light therapy
202202,7954,light therapy,Light therapy
202203,7651,light therapy,Light therapy
202204,8373,light therapy,Light therapy
202205,7553,light therapy,Light therapy
202206,6842,light therapy,Light therapy
202207,6621,light therapy,Light therapy
202208,8654,light therapy,Light therapy
202209,8349,light therapy,Light therapy
202210,9725,light therapy,Light therapy
202211,11259,light therapy,Light therapy
202212,10780,light therapy,Light therapy
202301,11007,light therapy,Light therapy
202302,8488,light therapy,Light therapy
202303,8900,light therapy,Light therapy
202304,7486,light therapy,Light therapy
202305,7936,light therapy,Light therapy
202306,7322,light therapy,Light therapy
202307,7516,light therapy,Light therapy
202308,7515,light therapy,Light therapy
202309,8139,light therapy,Light therapy
202310,9674,light therapy,Light therapy
202311,10792,light therapy,Light therapy
202312,10591,light therapy,Light therapy
202401,11857,light therapy,Light therapy
202402,9777,light therapy,Light therapy
202403,12843,light therapy,Light therapy
202404,11660,light therapy,Light therapy
202405,11983,light therapy,Light therapy
202406,10944,light therapy,Light therapy
202407,11705,light therapy,Light therapy
202408,11325,light therapy,Light therapy
202409,11836,light therapy,Light therapy
202410,11668,light therapy,Light therapy
202411,11985,light therapy,Light therapy
202412,11395,light therapy,Light therapy
202501,12312,light therapy,Light therapy
202502,8786,light therapy,Light therapy
202503,7386,light therapy,Light therapy
202504,5790,light therapy,Light therapy
202505,5776,light therapy,Light therapy
202506,5157,light therapy,Light therapy
202507,5060,light therapy,Light therapy
202508,5632,light therapy,Light therapy
202509,5593,light therapy,Light therapy
202510,6298,light therapy,Light therapy
202511,7768,light therapy,Light therapy
202512,6962,light therapy,Light therapy
202601,6113,light therapy,Light therapy
202602,5091,light therapy,Light therapy
202603,4767,light therapy,Light therapy
202604,4772,light therapy,Light therapy
202605,4975,light therapy,Light therapy
202606,3739,light therapy,Light therapy
202607,3769,light therapy,Light therapy
202608,104,light therapy,Light therapy
202309,57,mouth tape,Mouth taping
202310,753,mouth tape,Mouth taping
202311,1087,mouth tape,Mouth taping
202312,1158,mouth tape,Mouth taping
202401,1178,mouth tape,Mouth taping
202402,1147,mouth tape,Mouth taping
202403,2737,mouth tape,Mouth taping
202404,3652,mouth tape,Mouth taping
202405,2899,mouth tape,Mouth taping
202406,2054,mouth tape,Mouth taping
202407,2549,mouth tape,Mouth taping
202408,1378,mouth tape,Mouth taping
202409,1620,mouth tape,Mouth taping
202410,5457,mouth tape,Mouth taping
202411,2244,mouth tape,Mouth taping
202412,2239,mouth tape,Mouth taping
202501,5221,mouth tape,Mouth taping
202502,3830,mouth tape,Mouth taping
202503,4531,mouth tape,Mouth taping
202504,3883,mouth tape,Mouth taping
202505,2550,mouth tape,Mouth taping
202506,2968,mouth tape,Mouth taping
202507,2024,mouth tape,Mouth taping
202508,1743,mouth tape,Mouth taping
202509,1386,mouth tape,Mouth taping
202510,1298,mouth tape,Mouth taping
202511,1342,mouth tape,Mouth taping
202512,988,mouth tape,Mouth taping
202601,1118,mouth tape,Mouth taping
202602,723,mouth tape,Mouth taping
202603,681,mouth tape,Mouth taping
202604,720,mouth tape,Mouth taping
202605,690,mouth tape,Mouth taping
202606,617,mouth tape,Mouth taping
202607,705,mouth tape,Mouth taping
202608,12,mouth tape,Mouth taping
