sex,equipment,bw_bin,n,p5,p10,p25,p50,p75,p90,p95,p99
F,Raw,40,1019,95.0,112.5,140.0,175.0,212.5,250.0,270.0,307.0
F,Raw,45,3038,145.0,164.4,192.6,230.0,270.0,305.0,327.5,370.0
F,Raw,50,6759,165.0,185.0,217.5,255.0,295.0,335.0,357.5,397.5
F,Raw,55,9905,185.0,204.1,237.5,277.5,317.5,355.0,379.9,426.0
F,Raw,60,12391,197.5,220.0,255.0,295.0,337.5,377.5,402.5,447.6
F,Raw,65,10355,207.5,230.0,267.5,310.0,352.5,395.0,420.0,472.7
F,Raw,70,7920,217.5,240.0,275.0,317.5,360.0,403.0,430.0,482.5
F,Raw,75,4468,217.5,240.0,277.5,320.0,372.5,420.0,455.0,510.2
F,Raw,80,5278,225.0,249.3,287.5,335.0,385.0,430.5,460.0,522.5
F,Raw,85,1496,207.5,230.0,272.4,315.0,360.0,407.5,440.0,500.1
F,Raw,90,1537,217.5,244.0,282.5,327.5,375.0,418.8,447.5,509.1
F,Raw,95,1254,224.1,248.3,292.5,339.2,392.5,435.0,465.0,518.7
F,Raw,100,955,222.5,252.5,295.0,345.0,400.0,442.5,470.0,519.8
F,Raw,105,736,231.2,257.5,302.5,352.5,407.5,457.5,487.5,556.5
F,Raw,110,533,237.5,265.0,302.5,352.5,412.5,462.5,495.0,539.3
F,Raw,115,420,242.4,257.5,304.4,360.0,417.5,480.0,517.5,578.3
F,Raw,120,290,257.2,279.8,327.5,381.8,431.9,482.8,510.3,580.0
F,Raw,125,212,253.9,275.0,322.5,391.2,455.6,505.0,547.2,619.8
F,Raw,130,144,247.9,270.8,329.4,386.2,448.1,510.3,544.2,664.3
F,Raw,135,88,244.4,272.8,331.9,388.8,452.5,510.8,538.0,664.4
F,Raw,140,73,280.0,295.0,332.5,387.5,475.0,525.0,550.5,611.6
F,Raw,145,46,222.5,255.0,327.5,368.5,496.2,610.0,646.2,683.7
M,Raw,40,451,85.0,107.5,127.5,155.0,185.0,207.5,227.0,267.5
M,Raw,45,437,132.5,150.0,182.5,210.0,255.0,295.0,330.2,386.6
M,Raw,50,1725,175.0,200.0,240.0,295.0,355.0,397.5,424.5,474.6
M,Raw,55,5051,225.0,260.0,310.0,372.5,432.5,485.0,512.5,569.0
M,Raw,60,5883,257.5,287.5,345.0,405.0,457.5,505.0,530.0,582.5
M,Raw,65,8685,282.5,315.0,377.5,440.0,500.0,546.9,577.5,635.0
M,Raw,70,20730,332.5,368.0,425.0,480.0,537.5,585.0,617.5,682.5
M,Raw,75,9056,325.0,360.0,420.0,477.5,530.0,577.5,605.0,665.0
M,Raw,80,25820,377.5,415.0,470.0,527.5,585.0,637.5,672.5,735.0
M,Raw,85,11931,371.2,410.0,470.0,525.0,582.5,630.0,662.5,727.5
M,Raw,90,22232,407.5,450.0,510.0,570.0,630.0,685.0,717.5,781.5
M,Raw,95,7450,392.5,435.0,500.0,560.0,620.0,672.5,702.5,766.5
M,Raw,100,15801,435.0,477.5,540.0,605.0,670.0,725.0,762.5,825.0
M,Raw,105,3784,390.0,440.0,507.5,577.5,650.0,710.0,745.0,817.9
M,Raw,110,4041,415.0,460.0,532.5,605.0,670.0,735.0,765.0,830.6
M,Raw,115,5784,455.0,500.0,570.0,647.5,717.5,780.0,815.0,890.0
M,Raw,120,1661,387.5,445.0,530.0,605.0,682.5,751.5,792.5,850.0
M,Raw,125,1441,407.5,467.5,539.8,612.5,685.0,750.0,787.5,851.5
M,Raw,130,1168,425.9,470.0,555.0,635.0,712.5,781.1,816.6,892.5
M,Raw,135,846,437.5,483.8,570.0,652.5,730.0,807.5,844.5,905.0
M,Raw,140,659,425.0,480.0,560.0,660.0,740.0,810.5,851.0,927.1
M,Raw,145,483,437.5,493.0,580.0,670.0,765.0,824.6,869.8,933.0
M,Raw,150,352,462.5,515.0,604.4,681.2,768.1,849.5,901.1,938.7
M,Raw,155,235,473.5,522.5,595.0,705.0,790.0,856.5,898.5,981.5
M,Raw,160,166,492.5,517.5,590.0,688.8,810.0,900.0,949.4,1011.4
M,Raw,165,122,440.4,500.5,575.6,697.5,815.0,869.8,911.9,972.9
M,Raw,170,77,428.0,511.5,597.5,705.3,820.0,931.8,969.0,1013.4
M,Raw,175,61,417.5,497.5,585.0,710.0,825.0,895.0,960.0,996.0
M,Raw,180,117,447.0,486.5,610.0,715.0,790.0,950.2,980.0,1131.4
F,Single-ply,40,1420,117.4,135.0,167.5,212.5,255.0,290.0,312.5,349.6
F,Single-ply,45,2850,147.5,170.0,202.5,247.5,292.5,335.0,365.0,420.3
F,Single-ply,50,5041,162.5,185.0,222.5,267.5,317.5,360.0,392.5,450.3
F,Single-ply,55,6008,180.0,201.8,241.6,290.0,345.0,395.0,428.0,497.5
F,Single-ply,60,4752,187.5,210.0,247.4,297.5,360.0,417.5,455.0,519.0
F,Single-ply,65,4134,198.9,222.5,265.0,317.5,377.5,440.0,482.5,554.2
F,Single-ply,70,2308,210.9,240.0,292.6,357.5,420.0,480.0,520.0,604.8
F,Single-ply,75,2017,208.4,231.3,276.7,326.6,395.0,460.0,500.9,584.6
F,Single-ply,80,1721,213.2,244.9,295.0,360.0,435.4,513.0,557.5,620.0
F,Single-ply,85,639,222.2,250.0,302.5,362.5,440.0,492.5,545.0,660.0
F,Single-ply,90,594,205.0,243.2,292.5,342.5,420.0,497.2,532.5,595.4
F,Single-ply,95,265,235.0,270.0,327.5,387.5,460.0,523.0,552.5,621.5
F,Single-ply,100,234,254.1,280.0,325.0,395.0,475.0,547.5,589.7,670.0
F,Single-ply,105,162,235.8,272.6,333.1,410.0,469.4,559.0,592.1,690.1
F,Single-ply,110,103,230.2,260.5,327.5,407.5,473.8,538.0,577.0,654.5
F,Single-ply,115,112,255.5,291.3,349.4,423.4,495.0,559.8,610.5,677.5
F,Single-ply,120,67,250.0,292.5,343.8,415.0,508.8,590.0,678.2,724.6
F,Single-ply,125,58,264.2,305.8,351.2,435.0,498.1,541.5,590.1,662.8
F,Single-ply,130,41,312.5,322.1,380.0,467.5,542.5,672.5,682.5,785.8
M,Single-ply,40,350,100.0,112.5,137.5,170.0,207.5,245.0,273.4,340.2
M,Single-ply,45,552,151.4,175.0,205.0,247.5,295.0,340.0,362.5,427.5
M,Single-ply,50,3550,186.7,213.2,262.5,317.5,377.5,433.2,467.5,518.8
M,Single-ply,55,7031,240.0,272.2,325.0,387.5,455.0,520.0,555.0,625.0
M,Single-ply,60,5891,255.0,290.0,340.0,397.5,457.5,515.0,552.2,620.0
M,Single-ply,65,11873,295.0,330.0,392.4,457.5,522.5,585.0,621.6,692.5
M,Single-ply,70,9229,332.5,375.0,440.0,515.0,592.5,665.0,700.0,767.5
M,Single-ply,75,12119,332.5,371.9,432.5,500.0,565.0,623.5,662.5,740.0
M,Single-ply,80,17641,376.5,420.0,485.3,560.0,632.5,705.0,742.5,820.0
M,Single-ply,85,7073,392.5,440.0,520.0,600.0,685.0,750.0,790.0,850.0
M,Single-ply,90,14217,407.5,450.0,520.0,595.0,673.6,748.4,787.5,865.0
M,Single-ply,95,5227,427.5,477.5,560.0,650.0,740.0,800.0,840.0,914.3
M,Single-ply,100,12050,433.2,482.5,557.5,639.1,717.5,795.0,832.5,915.0
M,Single-ply,105,3453,435.0,497.8,595.0,692.5,782.5,845.0,885.0,957.5
M,Single-ply,110,7063,446.8,500.0,579.2,665.0,743.9,812.5,850.0,926.0
M,Single-ply,115,2120,475.0,527.5,625.0,727.5,822.5,895.0,945.0,1042.0
M,Single-ply,120,1436,450.0,515.0,612.5,730.0,822.5,900.0,942.5,1026.6
M,Single-ply,125,4213,455.5,507.5,596.5,687.5,777.5,846.0,885.0,970.0
M,Single-ply,130,596,470.0,522.5,630.0,730.0,830.0,916.2,950.1,1052.9
M,Single-ply,135,417,476.5,550.0,640.0,740.0,845.0,935.0,982.5,1064.3
M,Single-ply,140,310,482.4,551.8,640.0,752.5,862.5,945.5,1000.0,1075.0
M,Single-ply,145,269,473.5,523.5,657.7,757.5,880.0,974.0,1011.5,1091.8
M,Single-ply,150,158,520.7,582.3,676.2,800.0,900.0,976.5,1027.3,1109.7
M,Single-ply,155,108,521.8,545.5,665.0,751.2,886.2,984.8,1020.8,1117.9
M,Single-ply,160,63,365.0,434.0,658.8,832.5,945.0,1073.5,1114.8,1208.3
M,Single-ply,165,53,429.5,509.5,642.5,810.0,945.0,1109.0,1152.8,1218.3
M,Single-ply,180,60,433.1,550.0,606.2,715.0,850.0,966.5,1025.2,1137.5
