season,team,xGF60,xGA60,xGshare,corsi,GSAA60,finish5v5,PPxGF60,PKxGA60,GD60,finalist,p_finalist_loo
2008,MIN,1.798921210120821,2.0761233051620356,0.46,0.47,-0.050187181335719186,1.0603163566834695,5.85032877570191,5.296999257766939,0.20454887280870337,0,0.027998344972729683
2008,BOS,2.2466179606390044,2.1711119656028246,0.51,0.51,0.3935749991260882,1.1553003780983055,6.1158690176322414,6.915672562731386,0.9620686505667883,0,0.20096203684806824
2008,ARI,1.8779333680602674,2.227455580895517,0.46,0.45,-0.2623780362356588,1.0908785768230258,5.9135584761271,7.816063460585027,-0.5875772300222041,0,0.00028597397613339126
2008,LAK,2.2329852652170366,2.120830654144667,0.51,0.51,-0.1124806419185105,0.8322382829610163,5.375534426647948,5.789684265460555,-0.2878666217985667,0,0.0017502093687653542
2008,COL,2.1554374296263323,2.2021000811752076,0.49,0.47,-0.46882610175705053,0.9184342882134267,5.641800101129277,5.904039707707155,-0.7575909409760497,0,0.0007754933321848512
2008,DAL,2.0766365703555043,2.222095646640531,0.48,0.5,-0.3250401605532143,1.1571395510298543,6.082139567385573,6.204468607041039,-0.323705428060465,0,0.000311731593683362
2008,TOR,2.412385012340139,2.480328366482335,0.49,0.5,-0.3229289023215297,1.0569852941176472,7.375243564762589,8.629902855890732,-0.49738166966578373,0,0.0006134005379863083
2008,CAR,2.4438927684806484,2.3829722633994748,0.51,0.52,0.14868461002661143,0.9010786635096028,6.056426332288401,6.853658536585366,0.18050360505811214,0,0.5282360911369324
2008,OTT,2.0549612834524553,2.1065482894166006,0.49,0.49,-0.165173074142079,0.9672961768770153,6.330727130570757,5.9947787170561915,-0.21350272973783316,0,0.00045618065632879734
2008,BUF,2.129863813229572,2.0500972762645917,0.51,0.49,-0.30074578469520097,1.1646494633477962,6.470030018398373,6.027992508087859,0.15605670060121843,0,0.002503415569663048
2008,TBL,2.1231312917860015,2.213935336513603,0.49,0.48,-0.14923588099616478,0.9987039719448045,6.795936139332365,5.781007039665262,-0.7332650003942286,0,0.0003110556281171739
2008,ANA,2.214250258254068,2.0456942003514937,0.52,0.51,-0.06326889279437621,1.0615093790897194,7.880026367831246,6.595878212195743,0.036089743161327834,0,0.002981501864269376
2008,EDM,2.263610007516375,2.3910125630838612,0.49,0.48,0.03946096853860177,1.0673117973530668,5.223877868178079,7.024973432518597,-0.19257708934440207,0,0.0037453745026141405
2008,STL,2.0107950164360213,2.0359563329410335,0.5,0.48,-0.2366787062213384,1.0494873657867119,5.489257653310729,5.053584905660377,0.0,0,0.0025487563107162714
2008,NYI,2.087608172004639,2.5120349718975823,0.45,0.46,-0.2821482737086269,0.9,6.309485586654568,6.130845833858566,-0.9163005036973528,0,0.0002519521804060787
2008,ATL,2.152831293733239,2.4278800635879643,0.47,0.46,-0.1402986520584621,1.1045655375552281,5.456402903485976,6.850590177970766,-0.3524723651874794,0,0.00013012609269935638
2008,DET,2.365773015177469,2.1630880771222563,0.52,0.57,-0.09958969047524201,1.1450124604297165,8.517279513408901,5.958137063927748,0.5844472103468802,1,0.032114021480083466
2008,NSH,2.0752224639114103,2.281036187462923,0.48,0.49,0.0821040142376903,1.0214971794480865,4.556931761580608,4.84831027899655,-0.2521992373975441,0,0.0006204548408277333
2008,VAN,2.173457172342621,2.1645407636738905,0.5,0.49,0.18311661506707952,1.1395578515535973,6.650299063664548,6.175712763553002,0.41377771617688325,0,0.02531777136027813
2008,PIT,2.1722958318986527,2.1059711036681614,0.51,0.48,-0.13168356236053796,1.215354972580406,5.755625178011963,6.187286743333755,0.299412154137377,1,0.002497913083061576
2008,CHI,2.358765195137556,2.124760076775432,0.53,0.55,0.07741522712731931,1.0239370719468366,5.765016004518923,6.2188626907073505,0.6125349471872101,0,0.8756037354469299
2008,NJD,2.1632754148363467,1.9073738545563566,0.53,0.53,0.014703390382835581,1.0773680404916846,6.359083191850594,5.9613220096183355,0.372588690130406,0,0.0276500191539526
2008,PHI,2.151243843862787,2.342328540595585,0.48,0.48,-0.13950156128200844,1.1612124868044036,6.53310924369748,5.82239916911892,0.3356766315116438,0,0.0004006727831438184
2008,CBJ,1.949877842097154,1.7765060638742762,0.52,0.52,-0.29951797151849985,1.2516254876462938,4.961499561728812,5.653641379755413,-0.03593065383809248,0,0.0068186987191438675
2008,WSH,2.56973441715115,2.10162127511819,0.55,0.55,-0.10993687621862752,0.9479264109759901,7.631784875862559,6.472587981805123,0.33696709556426946,0,0.19709119200706482
2008,NYR,2.3230107583105664,2.245519549275154,0.51,0.53,-0.029019987189374936,0.857586602741576,4.853135367736425,5.340450771055754,-0.1285038388899345,0,0.002665510168299079
2008,CGY,2.4485418471311307,2.095945221300994,0.54,0.56,-0.42849482324794785,1.0781671159029649,5.9194852941176475,6.554569596476456,0.0734666390033026,0,0.07592527568340302
2008,SJS,2.3314882052397,1.8878573758017176,0.55,0.54,-0.03756930101097954,0.8795488116019874,7.943563973714728,5.6044056209646795,0.6240166404437452,0,0.3397805392742157
2008,MTL,2.2172560138780057,2.4651034282841366,0.47,0.48,0.035546537066142574,1.0736873069569055,7.215396364747213,6.52376333656644,0.023967803250966202,0,0.0005383136449381709
2008,FLA,2.323444099096957,2.5677714424045406,0.47,0.47,0.3112450233217625,1.0247823174815807,5.891823727889302,6.964233012437636,0.09603233088473119,0,0.045827653259038925
2009,NYI,2.4275068912306614,2.480526503211511,0.49,0.48,-0.2416744701336043,0.9453644542965185,6.765410438948683,8.101940252540807,-0.5263979954338962,0,0.0004574489430524409
2009,PIT,2.515157080845231,2.2008430804241383,0.53,0.52,-0.314959077897585,1.070787381379841,6.010889292196007,5.733498081550367,0.1702840770873314,0,0.10144061595201492
2009,ANA,2.1703940547651617,2.4992463909532066,0.46,0.47,0.2253508855995331,1.0621387283236994,6.116498535632932,7.0359300476947535,-0.12009928207318049,0,0.0026549312751740217
2009,CGY,2.0465260066465727,2.008810572687225,0.5,0.52,-0.07790401112914433,1.0045317220543806,5.375100034297473,5.837701999930195,-0.024096869415048495,0,0.006286996882408857
2009,EDM,2.3358135580849173,2.737532684438987,0.46,0.45,-0.16832325071165113,0.9396506087877183,5.118062855692899,6.379944935516592,-0.8645014108182746,0,0.00042784976540133357
2009,CBJ,1.8689718962471342,2.011634278600204,0.48,0.48,-0.6080510610690034,1.1399138731740268,5.188768898488121,6.395340822937486,-0.42022271804056144,0,0.004147783387452364
2009,VAN,2.342751310944996,2.2214526386254603,0.51,0.52,0.020403882628584342,1.1932519544644082,6.4753205691199724,6.032980456026058,0.6032778094312431,0,0.6514822840690613
2009,NSH,2.209228118452473,2.1968826975915556,0.5,0.52,0.05901713387170279,1.0154013902139838,5.856101522075764,5.842676311030741,-0.048088803991370735,0,0.0058415718376636505
2009,NYR,2.2091040820855583,2.3162539326136056,0.49,0.5,0.13879351983603797,1.0424053325769393,6.063313322644394,6.303572067079057,0.0602756606882141,0,0.0062358141876757145
2009,BUF,2.385308906475449,2.434576537973853,0.49,0.5,0.1522102225525773,1.029431173287581,6.574033807953987,5.2674379422666515,0.3605913698465483,0,0.09778331965208054
2009,LAK,2.2671536249902866,2.115626699821276,0.52,0.51,0.04864402828502596,0.9665478475459282,6.492433447475975,6.185519573325896,0.23906763621874688,0,0.23480500280857086
2009,OTT,2.283394764281086,2.040102465962678,0.53,0.52,-0.6013567729228975,0.9809227438776891,5.520362674726106,6.1011545928272195,-0.15642338596467772,0,0.017255323007702827
2009,MIN,2.0475641332492,2.054770556365456,0.5,0.48,-0.3578145738593094,1.0328997704667178,5.660772850420647,4.863336071135235,-0.30032835900584637,0,0.004220935516059399
2009,TOR,2.673830399342421,2.2803616686074393,0.54,0.53,-0.2163846838824576,0.870367168136492,5.374515786226047,7.389830508474576,-0.6355953376350391,0,0.01648523658514023
2009,MTL,2.0496551956701343,2.3775818172621355,0.46,0.47,0.20759075351127157,0.9624639076034649,8.706543204458683,5.284195804195804,-0.09569441583210947,0,0.0006971179973334074
2009,COL,2.120831203199711,2.3085865507301166,0.48,0.45,0.05057331024912913,1.123021949974477,6.746352808513637,6.292405063291139,0.10810233687891203,0,0.010500931181013584
2009,DAL,2.1968363124292667,2.293250166305259,0.49,0.48,-0.10154555900165012,1.0617965597791463,6.715121022572749,6.976215832445864,-0.1673984814566325,0,0.0020707016810774803
2009,WSH,2.5426988168339077,2.4051348980508784,0.51,0.53,0.3255011874451742,1.266206228038289,8.004918949133595,5.420060539350579,1.0302211514784472,0,0.11002900451421738
2009,ATL,2.210460832542851,2.6162758377269415,0.46,0.49,-0.06797996955725663,1.1568585183588418,5.056976744186047,7.212420511432824,-0.24057738572574175,0,0.0004677634860854596
2009,DET,2.4328898821445892,2.2164238578145095,0.52,0.54,-0.07574792856992277,0.8610469832158233,6.19590481460985,5.457431685357763,0.19142126969462325,0,0.45845094323158264
2009,TBL,2.2867388921189638,2.4351724046104755,0.48,0.48,-0.10529352500743416,0.9502515371716043,7.537684325505189,6.771886877536558,-0.4798080767692923,0,0.0004360890598036349
2009,CAR,2.3550520699237376,2.6652343368520115,0.47,0.49,0.20423129167147563,0.9228472552079798,6.254476138607121,6.9115191986644415,-0.30446446392265253,0,0.0009675642941147089
2009,ARI,2.2214030822320696,2.0414885690757227,0.52,0.52,0.01803850829379249,1.052111283716989,5.252598716937117,5.0438980654505325,0.1788340023049716,0,0.15179100632667542
2009,FLA,2.1104839156310846,2.5644503708500372,0.45,0.45,0.2486079810506496,1.017367923842744,4.8628049838614515,7.420452271362818,-0.38337382275616494,0,0.0002785265678539872
2009,SJS,2.514704135111706,2.3805253268441224,0.51,0.51,0.25774370844316163,1.0394355549955903,7.759006211180124,6.256951825818617,0.5761824577782965,0,0.6017035841941833
2009,STL,2.1772589940505505,2.237312499168142,0.49,0.51,-0.04663729652749105,1.0563380281690142,5.917569899896444,6.3099651145153945,0.0,0,0.008413347415626049
2009,PHI,2.621063817385339,2.380070574414757,0.52,0.51,0.07182986813255776,0.8683335386131297,7.260786823985329,6.203409992069786,0.12074054199087739,1,0.03473429009318352
2009,CHI,2.528653715550562,1.9299566526088086,0.57,0.57,-0.31874166799419806,1.0623694419576246,6.3975047912517375,5.2489782835163075,0.7062250211136012,1,0.011265776120126247
2009,BOS,2.1430805510736004,1.949609035621199,0.52,0.53,-0.12064043688717876,0.9173674334561124,5.149482608153597,5.527394071084898,0.05961212378126325,0,0.061188869178295135
2009,NJD,2.108072424716741,2.029004762161781,0.51,0.51,0.08594311147278261,1.0209869540555871,5.493016247913019,5.802429078791599,0.3607214428857715,0,0.024899758398532867
2010,NYI,2.2471669507567644,2.620281463335246,0.46,0.46,-0.07786067307939407,0.9605488850771869,6.048417923125928,6.177021575162252,-0.39496387809313566,0,0.0006595495506189764
2010,CAR,2.502529071283308,2.7052719403452055,0.48,0.49,0.24920477655524859,0.9314246421203976,5.1187842646917385,6.355723435703728,-0.03602377569195669,0,0.003395422827452421
2010,WSH,2.3086552475811284,2.1645555097583467,0.52,0.51,0.14532351478942962,0.9607739199575935,6.669405192244495,4.804189944134078,0.33528918692372167,0,0.02986307255923748
2010,DAL,1.9553699191708243,2.174420853153885,0.47,0.48,-0.006806667440151568,1.1392405063291138,6.834994913530011,6.281172677513683,-0.04797888928871297,0,0.0118363993242383
2010,NYR,2.4432020611280936,2.1227068461934175,0.54,0.49,0.025866137212970448,0.9396729937981583,5.692786790266513,6.025196721979858,0.3485739851622338,0,0.8618550896644592
2010,PHI,2.453794608072308,2.405641265388811,0.51,0.49,0.1927692067944523,1.1050425504890131,6.170188625726848,4.716200768990959,0.48112904950283336,0,0.05109887570142746
2010,DET,2.4392274307758686,2.257709195198091,0.52,0.53,-0.2549173878835564,1.0300911474591086,6.920537090028615,5.680430368021661,0.23977940294928668,0,0.040258266031742096
2010,ARI,2.231071442193996,2.3497730480222754,0.49,0.5,0.33581264065301125,1.066812555563154,5.416940249507551,6.679841593294629,0.07206509880592135,0,0.013778370805084705
2010,MTL,2.3249033568053727,2.312876648140676,0.5,0.52,0.1886787541162844,0.9069533087000337,6.187075343499925,5.4293079257349826,0.08443936616863078,0,0.0494219996035099
2010,COL,2.275889371809989,2.2673074712766,0.5,0.47,-0.38388680064534547,0.9898323345229278,5.6870726665606615,7.320316622691292,-0.7935103146321832,0,0.001144750276580453
2010,ANA,1.9521246134463406,2.424006413927385,0.45,0.44,0.07223303936166135,1.0639130094656966,6.347265382224985,6.2790109581343065,0.02403501099935573,0,0.0069322045892477036
2010,SJS,2.5139304436239986,1.9246764286726283,0.57,0.54,-0.025502337714290304,0.9129967776584317,7.832954634490323,6.357163201367132,0.42010222487471954,0,0.7430534958839417
2010,TBL,2.471528152448367,1.9306385825582146,0.56,0.52,-0.4156505600276237,0.9744750408650823,5.753304549983394,5.061732713091533,0.08377854537838314,0,0.3081038296222687
2010,CHI,2.2693435261810215,2.096559913905073,0.52,0.53,-0.05581326307195592,1.098901098901099,6.132321555608253,6.783843163765422,0.38398208083622765,0,0.05679693818092346
2010,CGY,2.2416285663201454,1.9492222420883247,0.53,0.52,-0.30359377793670667,1.107540849114651,5.501932858596135,5.42834908282379,0.13150772275780992,0,0.2656746804714203
2010,STL,2.1607684614802802,2.1172021413384208,0.51,0.52,-0.303148977653772,1.1341360963315597,6.036371954706622,5.867903758452587,0.09623513451199096,0,0.002914691111072898
2010,TOR,2.2006423417360264,2.4998168388949,0.47,0.48,0.07697877886917202,1.0382551738554806,5.580658992710842,6.055106626197327,-0.3844100373731981,0,0.004352518357336521
2010,NSH,2.150079571153363,2.1411843537984754,0.5,0.49,0.1812212078063491,1.065843909964238,5.14466985196209,5.181909998877791,0.27631960968186536,0,0.008192414417862892
2010,LAK,2.2330588819180206,2.049503060536262,0.52,0.52,-0.027334851936218558,1.0121042193804282,5.090329951874806,5.008140118051001,0.15619524405506882,0,0.12500742077827454
2010,NJD,1.9526427620646039,1.8530834291005598,0.51,0.52,-0.3494249832579598,0.8993216980413078,4.632237871674492,5.669878296146045,-0.4340952329912377,0,0.0041778553277254105
2010,CBJ,2.0964106790989994,2.0400015454557163,0.51,0.51,-0.4172730433886693,1.0246959085882785,5.178550555230859,5.537409326424871,-0.4788937554249683,0,0.0011808279668912292
2010,OTT,2.1370503947753194,2.2398826904902167,0.49,0.5,-0.3995812796399344,0.8924109373884487,5.324975577987627,6.855389390519187,-0.663712364492059,0,0.0009536298457533121
2010,PIT,2.1378893072453042,2.040420484471239,0.51,0.53,0.034631205519402915,1.0628160961665323,6.129821260583255,5.227239378376575,0.3827700322962215,0,0.01784617267549038
2010,MIN,1.910766627641665,2.3416197369657916,0.45,0.45,0.03430212187764364,1.0223796490098214,5.608894303990253,6.205163991625959,-0.30089063628339885,0,0.003114379243925214
2010,BOS,2.336192793496043,2.3919481145002037,0.49,0.51,0.5234722095350404,1.1261117154008575,5.2653578700680015,6.422507484722963,0.6626417317037255,1,0.011026599444448948
2010,FLA,2.3658629003043794,2.191080150399107,0.52,0.5,-0.20731092891851735,0.8933662801748716,4.828281262113342,5.487266032525315,-0.37169644790088097,0,0.022670181468129158
2010,ATL,2.1743189044284197,2.4384031919536167,0.47,0.49,-0.0752602813740363,0.9565097715386733,5.788461538461538,6.4463782326265475,-0.526650020447586,0,0.00034964471706189215
2010,EDM,2.0330100125156445,2.589017521902378,0.44,0.46,-0.054912390488109995,0.9465178914967296,5.483178341890777,6.709262580797997,-0.829734144361716,0,0.00062843895284459
2010,BUF,2.3334134950067713,2.2521548723530826,0.51,0.5,0.0801954257217715,1.054481546572935,5.908336970755129,5.772416089997409,0.1440264048408875,0,0.08872254937887192
2010,VAN,2.3570470260414873,2.34729436857133,0.5,0.52,0.4277236919054662,1.0705372389334034,7.794209286419941,4.699332152105765,0.9388352825533111,1,0.005293582566082478
2011,PHI,2.472242848167171,2.2928747490103207,0.52,0.51,-0.03226727709699942,1.074856046065259,8.231344481175979,5.685640761708698,0.41983486495311845,0,0.0911683514714241
2011,OTT,2.347620980014203,2.425230800446383,0.49,0.52,0.08171857563153095,1.0371426719388086,5.373091026312608,6.345319259387438,0.08407931482031382,0,0.06513981521129608
2011,VAN,2.044377528619132,2.201532521932222,0.48,0.53,0.20302971679465714,1.1627045841664816,5.555027335393392,5.850724425581736,0.5973814778554005,0,0.046293362975120544
2011,CHI,2.274094859021743,2.1343650724978054,0.52,0.53,-0.3279644989431268,1.1023416606874958,4.953511374876361,6.4935788055680295,0.11961245564371435,0,0.011696762405335903
2011,NSH,2.037607539576618,2.0461819600435294,0.5,0.47,-0.17134057450259743,1.1245737502720743,4.9411460799931115,6.6187679278787055,0.32512275725505413,0,0.02446209080517292
2011,WSH,2.0615537600994407,2.0863144810441265,0.5,0.49,-0.1361839651957737,1.0997757036393894,5.091004321068482,5.546565428876498,-0.09627309467857155,0,0.0004678740515373647
2011,COL,2.2496836568441774,2.2487904526395015,0.5,0.51,0.06044015118308209,0.8933298041291688,6.151436031331593,4.8685337726523885,-0.2277032267944113,0,0.0012309268349781632
2011,MTL,1.9112058737555238,2.128325051154633,0.47,0.48,-0.1156008734976013,1.1336032388663968,5.347775628626692,4.879544277576386,-0.08369979672906508,0,0.0014882278628647327
2011,NYI,2.2779494016649324,2.3792111082206038,0.49,0.48,-0.16696475026014565,0.8415237361084346,6.649901768172889,6.175523349436393,-0.6600484035495937,0,0.003620350733399391
2011,PIT,2.5521005567740844,2.1809853214104944,0.54,0.54,-0.26375906866880383,1.1185815434045339,7.124219134517094,4.596014563676937,0.6605857193378128,0,0.021450234577059746
2011,ARI,2.273668620796051,2.37112002468374,0.49,0.5,0.2828756556618327,1.035695674830641,4.7296108852567835,6.513753773901375,0.1915422141082812,0,0.028391147032380104
2011,BUF,2.036497161652046,2.2653104070013956,0.47,0.49,0.05720331133733755,1.0988211322951535,5.639247510143858,6.309954844856871,-0.1436944098883042,0,0.0019476244924589992
2011,SJS,2.3290108083571543,1.9556624259302426,0.54,0.52,-0.0023555102992233678,0.8912768647281922,6.872020365656098,6.549013792080676,0.16739903745553464,0,0.3350622057914734
2011,NYR,2.1608061695623184,2.039125894800408,0.51,0.48,0.07654081799539537,1.041011667714665,5.64472470009228,5.904162633107453,0.48018727303648423,0,0.012960817664861679
2011,EDM,2.1373818157172386,2.4593005523738523,0.47,0.47,0.110864482022434,0.9845890410958904,5.7796059396980795,5.60460761103848,-0.3007619302232322,0,0.00021874849335290492
2011,WPG,2.450200302754058,2.3494885798158385,0.51,0.5,-0.014000284354640518,0.9584664536741214,5.571058985857192,6.8151386172782695,-0.2527337703800033,0,0.004346789792180061
2011,TBL,2.2451184881763124,2.3744879752720323,0.49,0.47,-0.36971326615233846,1.1349899261249161,4.874953340798806,7.371522607946086,-0.5529990850135913,0,0.0006906188209541142
2011,FLA,2.011286848118995,2.216809049136286,0.48,0.5,0.12325434723849016,0.9016273273713532,5.52355138817669,6.769300594562702,-0.2268288072585218,0,0.0013841578038409352
2011,TOR,2.365905116859449,2.559184980256623,0.48,0.49,-0.10062965364944633,0.9680844419461619,6.588486666392735,6.200622715581427,-0.3850267379679144,0,0.0016647070879116654
2011,LAK,2.2587204835322443,2.0426676228038723,0.53,0.55,0.22942170772934498,0.8027756990271446,5.683144550296302,5.4020184172075165,0.21520660498296282,1,0.11231409013271332
2011,MIN,2.0679808115298406,2.318201814106458,0.47,0.44,0.11613633030982239,0.7658084749471227,5.690742202101591,5.269569106903236,-0.6082733121740802,0,0.0004890476702712476
2011,NJD,2.0839729490842567,1.903414253119283,0.52,0.5,-0.25737014121564655,0.9942475676443434,5.372351496482538,4.972383720930233,0.13164412205670672,1,0.0008357191691175103
2011,STL,2.2848360916007264,1.9216338765193757,0.54,0.53,0.36701256144183503,0.9138816623307318,6.642586326389171,4.569614177589072,0.6117369531101626,0,0.15695779025554657
2011,DET,2.401284731588886,1.9805098462368493,0.55,0.55,0.09893444834097669,1.1311216429699842,5.801427644386762,6.037805017756902,0.46806552917408434,0,0.6919265985488892
2011,CGY,2.1269668927963132,2.2061854815649773,0.49,0.47,0.013128504353375509,0.9539173739215824,6.085560625814863,5.502679795587685,-0.2156513636288001,0,0.000519645749591291
2011,ANA,1.9427349491922108,2.1370084441114323,0.48,0.49,-0.24215994140476996,1.0842433697347895,5.5756657630361985,5.532861476238625,-0.27672779409847903,0,0.0002713910071179271
2011,BOS,2.3340971301881415,2.0219725776285964,0.54,0.54,-0.13317314242540607,1.2162506367804382,5.557489693082913,5.017726265553094,0.7336311064934371,0,0.11994200944900513
2011,DAL,1.9778759372175614,2.114591952340339,0.48,0.5,-0.19201344246852592,1.1121408711770158,4.887819701190175,5.414044637996733,-0.16837097738684234,0,0.0005370411090552807
2011,CAR,2.2765378471188558,2.560010733797626,0.47,0.48,0.09962305921618111,0.9216284312425408,6.6863770752786,6.750510783200908,-0.30068154483495924,0,0.003014025278389454
2011,CBJ,1.9585731907894735,2.0251850328947367,0.49,0.48,-0.47275904605263147,1.0234608723035743,5.363972424817664,6.045529528208512,-0.7117366172405127,0,0.0008370384457521141
2012,COL,2.1601436675123287,2.266098457854679,0.49,0.49,-0.22242809498018876,0.9382422802850356,4.7123873529861005,5.515436944008373,-0.7370839684236867,0,0.0003622932708822191
2012,DAL,2.15429420244254,2.4527553581489965,0.47,0.49,0.029240236790305924,1.1249694301785278,5.421346552048692,8.346293286660833,-0.26840094972643747,0,0.000497895700391382
2012,CGY,2.1878339381125174,2.3297808508814537,0.48,0.47,-0.7817366210463158,0.9755524212505877,5.23989898989899,6.391220142027114,-0.5997587177572241,0,0.0002489809994585812
2012,CHI,2.2265117195194013,1.9504769408255718,0.53,0.54,0.22842511044204947,1.2170154686078252,3.5579171094580233,5.221597633136095,1.0592728815956995,1,0.006128320470452309
2012,BOS,2.4837181847567917,2.2062035332312058,0.53,0.54,0.33418127134484826,0.9472397636993277,5.508095605242867,4.71700064641241,0.4310516862901616,1,0.10022497177124023
2012,PIT,2.2949918166939445,2.1677250409165305,0.51,0.49,0.1775450081833061,1.2209036969420355,6.386311375625592,6.556219373028126,0.8901411690290676,0,0.0819058045744896
2012,VAN,2.083334522467501,2.0930949357154067,0.5,0.51,0.03827109405099945,1.035630625077056,4.680228862047044,4.668161434977579,0.14267677482547575,0,0.020241612568497658
2012,DET,2.1757400586713183,1.986579116182184,0.52,0.54,0.24806290949192375,0.8944543828264759,5.18785601033531,5.806611229468764,0.24592403679752256,0,0.09519533067941666
2012,BUF,1.8735519566595582,2.390438591435652,0.44,0.45,0.08221428159760248,1.121262458471761,4.570640394088669,7.132554856922879,-0.42767921795800146,0,0.0015790504403412342
2012,FLA,2.015314021506883,2.3184559879505415,0.47,0.49,-0.6070405268135485,0.8259291703166062,5.890665674972109,7.897310513447432,-1.2556679455877224,0,0.0010073919547721744
2012,NYI,2.312513447670343,2.1478514960750155,0.52,0.5,-0.25086585645175863,1.015667206915181,7.652277463530813,5.423734103144261,-0.020496936846660138,0,0.007097537629306316
2012,LAK,2.3218151987791686,1.916361578196981,0.55,0.56,-0.12122341073386024,0.955343257053988,5.421981004070556,4.329269963018764,0.3496563426632158,0,0.2784307897090912
2012,OTT,2.3436160597136775,2.0914365687961047,0.53,0.54,0.17581712686240786,0.8285746277012652,5.229300684789376,5.52292899408284,0.2456806833562711,0,0.4615373909473419
2012,NSH,1.9324326216310816,1.8638851942597128,0.51,0.47,-0.3286244312215612,0.9780907668231611,4.960692285127603,6.177746675997201,-0.4915710359973373,0,0.004389524459838867
2012,STL,1.949766152780184,1.8993590853975402,0.51,0.52,-0.12731681967781064,1.1060767590618337,5.888257037247655,3.5581826929685887,0.20549352695390094,0,0.04531215503811836
2012,TOR,2.1139120708939174,2.6820098081390347,0.44,0.44,0.2041641572743697,1.2698412698412698,6.121272084805653,3.9556742323097462,0.3503769987805507,0,0.006304803770035505
2012,WSH,2.239915362675226,2.290611976467393,0.49,0.49,0.07746030838295544,1.0454963235294117,8.405331076792892,5.770026525198939,0.32995171019241454,0,0.004942530300468206
2012,CBJ,1.6829906331748758,2.0095637253523106,0.46,0.47,-0.015695761019380725,1.2484957882069794,4.292177191328935,3.564432989690722,0.0,0,0.002322860760614276
2012,ARI,2.314864458047221,2.4291755666098025,0.49,0.51,0.3390627463910432,0.9586445212350909,4.339988590986879,4.967449098690183,-0.08148852369957897,0,0.002946029417216778
2012,CAR,2.654804218938895,2.775465292205677,0.49,0.52,0.039091060453601084,0.8736625110434868,5.963262887616039,5.866357106580571,-0.6624344465912227,0,0.0005932745989412069
2012,SJS,2.323360836430056,2.0036530830761476,0.54,0.51,0.06374000125968385,0.8349598785512904,6.851091142490373,4.771278982797307,0.08140238215026653,0,0.11500464379787445
2012,MIN,2.283096841314337,2.066439326069994,0.52,0.5,-0.32641678467184915,0.9227614490772386,7.1772950245269795,4.791790193842646,-0.143846289964438,0,0.00371008412912488
2012,NYR,2.2596801995599587,1.964292220805247,0.54,0.52,0.27419874714463904,1.0046885465505693,4.238580392686054,5.701062787367152,0.3689469638739431,0,0.025428306311368942
2012,PHI,2.290477220031164,2.4912361795558073,0.48,0.48,-0.11218883032259527,0.9608624326224513,7.352096924510717,4.860842604413643,-0.1447826536592092,0,0.00015654871822334826
2012,WPG,2.1937836671631197,2.293751652909817,0.49,0.49,-0.28687554807009735,1.0392873458200091,4.207458208315473,5.242033011930054,-0.3084921020309063,0,0.0006530022365041077
2012,MTL,2.191975151940508,1.7764271954843431,0.55,0.53,-0.29324891364403355,1.201716738197425,6.789830695417196,6.517963298009822,0.452385304331932,0,0.0900295153260231
2012,NJD,2.105484654353638,1.6849584561393396,0.56,0.56,-0.23477866094012345,0.8008871365204535,4.787717820820108,5.246290801186944,-0.24508552463620117,0,0.10084061324596405
2012,ANA,2.0469122639656576,2.0284784377542717,0.5,0.48,0.21034763334362108,1.1102886750555143,6.328606356968216,5.28,0.3882437080679767,0,0.009210940450429916
2012,EDM,2.062041884816754,2.6280104712041883,0.44,0.45,0.2719895287958115,1.015615081883966,5.728579031399681,5.816300751879699,-0.1641755310052331,0,0.0011989920167252421
2012,TBL,2.256672992690196,2.3447370130104415,0.49,0.47,-0.22704411138612063,1.1856797513525958,4.6988790104368,7.499166203446359,0.0,0,0.0012168439570814371
2013,CGY,1.9315683643378923,2.2084925707340353,0.47,0.46,-0.31700920551923295,1.041429114405169,6.1520929606532375,6.212713287949783,-0.43242810382278457,0,0.0011587979970499873
2013,SJS,2.6155162484574253,1.9480872069107367,0.57,0.54,-0.1547511312217193,0.9115615445589401,7.259177355152587,5.269555214723926,0.5496858226864899,0,0.2519233226776123
2013,VAN,2.0686148875689256,2.0949121130029345,0.5,0.51,-0.03891989364233274,1.0097341275606566,6.287060352530258,4.518928181959806,-0.29952973831085195,0,0.001064985990524292
2013,NYR,2.3767143163552404,2.244691454598216,0.51,0.52,0.18561929875471542,0.9109440693081922,5.862298272646176,5.586784550953933,0.28992023837886266,1,0.1214427724480629
2013,TOR,2.0688966882350006,2.7874715148289226,0.43,0.43,0.30240023952494205,1.0781476121562954,5.345300865365265,7.017368123434848,-0.35947875580408406,0,0.0017188010970130563
2013,FLA,2.3006420525499203,2.329856074271226,0.5,0.51,-0.3644941155694592,0.9408513718007763,4.435294117647058,6.906652913873131,-0.8885568289461395,0,0.003569213207811117
2013,CAR,2.3110123136099108,2.4743612158753154,0.48,0.5,0.2114544046756752,0.8883989365151417,5.5810915876224545,5.6280323450134775,-0.25305524035226895,0,0.002164806006476283
2013,PHI,2.208117132646991,2.2245302927013544,0.5,0.5,-0.12020685792195496,1.0193968568596914,7.6650463985859485,5.397249352202512,0.07211995953268938,0,0.002599793951958418
2013,OTT,2.2502503530620106,2.3849017845679805,0.49,0.52,-0.20336371806393616,1.0749007257291523,7.086738351254481,5.490141336590473,-0.347395531774712,0,0.00020420645887497813
2013,BUF,1.832083719253836,2.478737002686426,0.42,0.43,-0.025799746025892068,0.7988141315984517,5.246538741802284,6.691612144379916,-1.1172252236619493,0,0.0013378699077293277
2013,TBL,2.2647301825624164,2.1930137267812735,0.51,0.51,0.21514936734342957,1.0066666666666666,5.765902323962724,6.258677466974526,0.27527785442854913,0,0.6104375123977661
2013,ANA,2.355800576900101,2.184215467067197,0.52,0.5,0.09508610831384727,1.2389149713093375,5.702450811183983,6.650178664632433,0.7213151980444343,0,0.20506875216960907
2013,MIN,1.873700787401575,1.8355076668048076,0.51,0.49,0.045205138831330316,1.0749263476391433,6.567144877753082,5.481844473007712,0.01195207219051603,0,0.004418694879859686
2013,MTL,2.157769469073817,2.3260591817113556,0.48,0.47,0.21859203076594394,0.9481713837598915,5.402184707050645,5.527262407322005,0.09616058818226439,0,0.006388411857187748
2013,ARI,2.000125727648767,2.278184995662396,0.47,0.51,0.24139708563310158,1.040959493097986,6.611612903225806,6.759583012209467,-0.16745243055209463,0,0.0022415355779230595
2013,DET,2.0762043031627995,2.060858775565328,0.5,0.51,-0.15740560981168406,1.1123307720453712,5.707045735475896,5.299578672090658,-0.047747574489532006,0,0.004906155169010162
2013,STL,2.164725034338913,1.8631530752403727,0.54,0.53,-0.09034949381899582,1.113931190073322,5.796311523552214,4.833079403323531,0.6117512211700575,0,0.1067318394780159
2013,NSH,2.116292231600187,2.0021654076133766,0.51,0.48,-0.5372671571643001,1.0673922143156132,5.816829143150333,5.805251829530779,-0.2284614922142728,0,0.0013882297789677978
2013,BOS,2.3688347472395,1.9943498423450208,0.54,0.54,0.34112519322473134,1.0967098703888336,7.9067568206534595,5.060485331401666,1.0484418988447723,0,0.5528679490089417
2013,EDM,2.0964815281294165,2.5886321038677145,0.45,0.44,-0.16261564932264846,0.93841642228739,5.613592765141134,6.413738321292128,-0.8189646520403862,0,0.0007286278996616602
2013,NJD,2.1540406857822902,1.7154970434006471,0.56,0.54,-0.2927591208300793,0.8494475138121547,4.671720015593191,4.947035396583169,0.02392996496919017,0,0.029741525650024414
2013,CBJ,1.9625537139349294,1.8953345610804175,0.51,0.5,-0.19183548189073052,1.1573350015639663,5.116158338741077,6.044736453565628,0.1326166675038931,0,0.07214261591434479
2013,NYI,2.292941078423202,2.3296941411784315,0.5,0.5,-0.2355196266355528,0.9290153745502127,6.270610942608421,7.398165137614678,-0.5382793005027262,0,0.0017637702403590083
2013,PIT,2.0717934940032157,2.0331051042982904,0.5,0.49,-0.18845477328922677,1.1306441024144722,6.623889209463358,6.23074075597417,0.45719938639029717,0,0.03660859540104866
2013,DAL,2.3725211328828926,2.3260309006427433,0.5,0.51,0.07748372040024806,1.0373975409836065,6.182564392867252,7.378901346262066,0.10818752504340859,0,0.042263541370630264
2013,WSH,2.0738892907925264,2.3214508444134005,0.47,0.48,0.03143163619128387,0.9815242494226328,7.789498249708285,7.202954782868229,-0.04764646324273888,0,0.0004912404692731798
2013,LAK,2.474726802332316,1.9824690118546546,0.56,0.57,0.3761053403869173,0.8176257645737112,5.722700593961972,6.074894780387783,0.3599004275483783,1,0.7023527026176453
2013,CHI,2.4374210067775675,1.9513504006413536,0.56,0.55,-0.24266717931308093,1.1055397813085241,5.31018556701031,5.912580701448264,0.5871251834766199,0,0.49298378825187683
2013,WPG,2.3431810101432604,2.2770762313081665,0.51,0.5,-0.17738366621353133,0.9832272990167726,5.398957730167921,6.928311957891616,-0.14362513838880522,0,0.003744579153135419
2013,COL,2.1603188992511826,2.464614352949942,0.47,0.47,0.28894656450631445,1.1381665172104574,6.24922691182616,6.405171703862307,0.34779364243881966,0,0.06983800232410431
2014,WPG,2.3077261114390217,2.103460012321797,0.52,0.53,0.19573562421103885,0.9745278580549769,6.474249518039108,6.648867860763771,0.2275555082405701,0,0.2375440001487732
2014,BOS,2.145723302716704,2.0489839131365946,0.51,0.52,0.04145973839147521,0.9491525423728814,5.868156847887858,6.269549018758394,0.09551636878604665,0,0.016774656251072884
2014,BUF,1.7596587687073155,2.640301782588328,0.4,0.38,0.0071007667841907806,0.9247583018074821,5.681872200383948,6.957675402897607,-1.3947942377897053,0,0.0006135727744549513
2014,FLA,2.172052132018366,2.037151269328172,0.52,0.51,-0.0827194300891517,0.9896259896259896,6.5177743431221025,6.282428456806633,-0.1791823312948578,0,0.003585205180570483
2014,NSH,2.2447221774043413,1.8378364960967075,0.55,0.53,-0.05361597557494438,1.101380042462845,5.257032158078264,6.164647184604418,0.2874184566560326,0,0.4292687177658081
2014,SJS,2.4973279311973355,2.4069498645323257,0.51,0.51,0.09529964455270791,0.8360704687966558,7.222915532476233,6.956067855589387,-0.024088726810418376,0,0.014690686948597431
2014,CHI,2.428237962947742,2.3544129008926076,0.51,0.54,0.43111469103940275,0.9139097057210748,5.576894747044001,5.551987619692427,0.4084751928076329,1,0.3697376549243927
2014,VAN,2.118644994887805,2.338431502901118,0.48,0.5,-0.08512751034009777,1.0652748981196825,6.606968702899193,5.170927082106255,0.1927781812583462,0,0.01151980645954609
2014,ANA,2.2491906948731457,2.042159150794248,0.52,0.51,-0.21636678461191,1.0643995180077654,5.393800229621125,5.196471531676023,0.08395410508921788,0,0.07513689249753952
2014,NYR,2.3390577917146427,2.3112766113819547,0.5,0.49,0.297508513192386,1.1248664613837742,6.577785834050846,4.450973388105019,0.7344850076090773,0,0.21861642599105835
2014,EDM,2.06816627676804,2.593773618859096,0.44,0.48,-0.25668526183192386,0.925797020743422,5.844421234276373,6.540787221905305,-0.9951375474588691,0,0.0010913095902651548
2014,DAL,2.556018144008538,2.3381375708882683,0.52,0.52,-0.2691107148756306,1.0498687664041995,5.9499780605528745,6.468183126979557,0.0,0,0.01658899150788784
2014,CAR,2.2403903028028536,2.1751875435970027,0.51,0.52,-0.24788796743125432,0.8324593602517042,5.913865453421088,5.286301803226827,-0.43208353615032236,0,0.004886887036263943
2014,TOR,2.163353090601185,2.6507705334462317,0.45,0.46,0.04450465707027923,0.9651965619275751,5.347434042079484,7.10873440285205,-0.6132285010971981,0,0.00037499269819818437
2014,CBJ,2.0567130411291954,2.25091173093807,0.48,0.47,-0.2867393800229622,1.0786848910232731,6.199754642751386,6.668070652173913,-0.2520949557666721,0,0.00020787992980331182
2014,STL,2.25435871057664,1.9664411434070745,0.53,0.52,-0.0495791661308587,1.066507684154743,5.899001712543335,5.08426299549015,0.5036558351792941,0,0.2642432749271393
2014,CGY,2.124091818252759,2.4070872059832187,0.47,0.44,0.130112821945039,1.0580537379924824,6.264163159598575,6.299552164538065,0.2885212617462215,0,0.029000254347920418
2014,MTL,2.0980431210476524,2.2117213563710605,0.49,0.49,0.3892844694517752,1.0395158419366324,5.081306101209834,5.259175788795878,0.3594859351127887,0,0.03654066473245621
2014,LAK,2.3087832979312513,1.9564926316833484,0.54,0.55,0.08197303931697386,0.9987756943102004,5.1231887137211585,6.04031007751938,0.2524687503130813,0,0.20767788589000702
2014,TBL,2.5677971525238608,2.1252906567455834,0.55,0.53,0.005683006020061252,1.0707022371097021,4.697047198325971,7.051342678601587,0.6389348407016228,1,0.30964550375938416
2014,COL,1.9900294791463105,2.6074699907279975,0.43,0.43,0.27242223783725333,1.150808574652125,5.913832599118943,6.0826263056917504,-0.16750140415363599,0,0.0026777847670018673
2014,NJD,1.891267878667379,2.0940688181129077,0.47,0.47,0.23008959526797818,0.9146101080186076,5.733888752756678,6.084903552543383,-0.396153179229302,0,0.006820178125053644
2014,ARI,1.9926847836880606,2.393813511634835,0.45,0.49,-0.19795769752739056,0.7923456420989684,6.818918547685545,7.837547191396866,-1.2251189419669966,0,0.0004023833607789129
2014,PHI,2.1377220290836423,2.3260472836274455,0.48,0.49,0.3194246030107599,0.9247670699485468,7.332807112292801,5.936989498249708,-0.13143788398283343,0,0.0003687126445583999
2014,DET,2.0665633495083964,1.9008663397779526,0.52,0.53,-0.019816569700972998,0.9736667404292986,7.25160619452594,6.607735659692735,0.2391557800962602,0,0.023012764751911163
2014,MIN,2.4538172169415238,2.015198334061062,0.55,0.51,-0.19149900916938145,1.0224822913458578,5.877641277641278,4.512449799196787,0.34985657220986033,0,0.022628873586654663
2014,NYI,2.7083683041224393,2.1984201431745247,0.55,0.53,-0.14174277956060222,0.9351416384118998,6.365054602184087,6.511675438148281,0.2516024681004014,0,0.6185446977615356
2014,PIT,2.2777980066557713,2.1284242080394264,0.52,0.53,0.11645059402335427,0.9769807280513919,7.0049013747758515,6.223245283018868,0.1559511353109359,0,0.09706483781337738
2014,WSH,2.3377387180958684,2.1000741445105833,0.53,0.51,0.06424182001734213,0.9547155205779899,7.9337314582932,6.247425140175766,0.455823748150715,0,0.31413328647613525
2014,OTT,2.149594014226279,2.1011273654543015,0.51,0.5,-0.05797879479264534,1.067640654632296,6.049447503603237,5.513539005698566,0.2864873468088493,0,0.04290405288338661
2015,FLA,2.153991904957262,2.2132202113846584,0.49,0.49,0.3099969971367066,1.1309818336042978,5.233093190797118,6.187545432517568,0.385060199081471,0,0.1429828703403473
2015,LAK,2.459651516916574,2.039075371532227,0.55,0.56,0.22676363394298438,0.8586043112897332,6.570439414114513,6.669576341334938,0.3731480521738549,0,0.8167159557342529
2015,TBL,2.184096220225972,2.014295821452308,0.52,0.52,0.06930943549943198,1.0601455933281503,5.230978260869565,5.816432739315565,0.3140897437618287,0,0.10890182107686996
2015,SJS,2.3785319180744504,1.915233966213186,0.55,0.52,-0.07310509792196122,0.9239472030169705,6.6348894734775605,6.740425531914894,0.36174360417210955,1,0.07820931822061539
2015,COL,1.9928516852024791,2.517921725103999,0.44,0.44,0.2104253332201377,1.0582010582010581,5.068180896369904,6.2346942937553536,-0.33881441843580673,0,0.001548607717268169
2015,BOS,2.2778968572724736,2.380531820584428,0.49,0.5,0.08810125317872877,1.059001512859304,6.183886951734263,5.445809109459824,0.09641425993686205,0,0.008834773674607277
2015,VAN,1.9359671278631871,2.4593583484562247,0.44,0.47,0.16756852840141032,0.953186255669152,4.805931386922465,5.7554811076714305,-0.6354471609699561,0,0.000356369826477021
2015,WSH,2.422378088122047,2.204491435469436,0.52,0.51,0.28636959643682247,1.0145375811939374,7.004560260586319,5.72694204187212,0.6863748570052381,0,0.33135268092155457
2015,CAR,2.3719876781958162,2.3769293191920577,0.5,0.51,0.06598544153804527,0.814950980392157,6.415642458100558,4.9466768525592055,-0.2997212592289171,0,0.015399009920656681
2015,CBJ,2.4484393900708628,2.3381398249572016,0.51,0.48,-0.05771138447886906,0.916979506431165,6.388758782201405,6.77231771030514,-0.4212398492897428,0,0.002636619843542576
2015,NSH,2.0973141300116778,1.8664724569620414,0.53,0.52,-0.19784276547922494,1.027372656081615,6.339731981166244,4.504361751443382,0.13252435469675014,0,0.012304089032113552
2015,NYR,2.0808496482387295,2.324359621995244,0.47,0.47,0.41708660350159565,1.1652692908910045,5.309527130701632,5.622693096377307,0.21710797436249663,0,0.18366460502147675
2015,CHI,2.1757613506523503,2.3180203851817627,0.48,0.51,0.22422874962360415,0.9213759213759213,5.419151451464601,5.974460997501619,0.3257863954014513,0,0.14637407660484314
2015,BUF,1.967171073721242,2.194277541693723,0.47,0.47,-0.02500390429143272,0.9175691937424789,6.018816437909827,6.0105479050688535,-0.1923417271352102,0,0.000851458462420851
2015,DET,2.201163870016148,2.2486172156126423,0.49,0.52,0.14297036920872952,0.9011507001247747,6.0349210119966745,5.616819475181789,-0.12017184573940734,0,0.002100531477481127
2015,PIT,2.4075001885101,1.9669897869416961,0.55,0.53,-0.008596060557822228,0.9959909797043348,6.041866125760649,5.996134518747584,0.5055435931042784,1,0.08838146924972534
2015,NJD,1.928533396438502,2.0549522062862895,0.48,0.46,0.04685558776548561,0.8598248797033999,4.9816721064524225,5.8282933611400765,-0.24041832789052953,0,0.0008835445041768253
2015,MIN,2.152902023986437,2.1055821838960167,0.51,0.48,0.17662054963685453,0.9729805403891921,6.726262382217927,5.853097986438221,0.10846640554383852,0,0.007131520658731461
2015,PHI,2.2653531185458804,2.319857166485015,0.49,0.51,0.3351159250039227,0.8963472166060116,6.750420387877882,6.4888992212019065,0.011969875812538446,0,0.007802237290889025
2015,TOR,2.484078206399089,2.490759918165904,0.5,0.51,0.061046548414991825,0.7335860129600195,6.72876932342903,5.663467306538692,-0.5763996370817099,0,0.002962670987471938
2015,NYI,2.189354258012345,2.3211602306482613,0.49,0.5,0.18534757750244812,1.028999064546305,6.475690607734807,5.180107030817495,0.1918062756615818,0,0.02546725980937481
2015,EDM,2.305560557270097,2.379729237417664,0.49,0.49,-0.1830097107706221,0.8761605858506604,6.477114532798987,6.354368162359283,-0.5178781715019805,0,0.003956891596317291
2015,WPG,2.340143233433049,2.291888119625023,0.51,0.51,0.08594005982953286,0.9492013616129877,5.52378709373528,7.422905154795246,-0.2896578081888676,0,0.004956649150699377
2015,ANA,2.1647669620510044,1.9381384022187649,0.53,0.52,-0.0557058783738077,0.8999507839415033,7.319423832387604,4.878079595704358,0.3254951075272418,0,0.012759043835103512
2015,OTT,2.1861149455690656,2.404086659668207,0.48,0.47,0.20205159573149076,1.0208943034097868,5.60246533127889,6.864922584089696,-0.13190546774811387,0,0.000847674731630832
2015,CGY,2.1956997372015494,2.2382955050255533,0.5,0.48,-0.317450564414682,1.0346470628275815,5.030338802974855,7.147468109779668,-0.33780953306545397,0,0.002307797083631158
2015,DAL,2.5310040379103294,2.3103207314266587,0.52,0.53,-0.02455384229135713,0.9820259492917509,6.938220070128569,6.479055531263664,0.44682392722003056,0,0.12902608513832092
2015,MTL,2.2241683616009147,2.1421727656284144,0.51,0.52,-0.17246306163957584,0.9930621684124609,5.982669251770664,6.397775876817793,-0.2050745908560859,0,0.0018504373729228973
2015,ARI,1.9796017907223857,2.271830961381016,0.47,0.47,0.1240092671625411,1.0374594123703176,6.234140054417872,5.947826086956522,-0.43581629804992383,0,0.0003049550286959857
2015,STL,2.2530330157378775,2.105945837663232,0.52,0.52,0.22791751699615612,0.9269138436916511,4.938218196566176,5.833723476553652,0.26373275081251,0,0.3874340355396271
2016,NYR,2.297458247388383,2.3606361035331695,0.49,0.48,0.0550934859272075,1.0882314609670272,6.548823055580416,6.544812015313635,0.4462999323178781,0,0.10164149105548859
2016,CGY,2.2055644311499374,2.351337570957545,0.48,0.51,0.13338318773581698,0.9709411193564048,6.768456103305449,6.7469787070784575,0.03618866356605771,0,0.005726172588765621
2016,LAK,2.4470147127443007,2.064970619933848,0.54,0.55,0.0878552758175008,0.7715205637567584,6.346751294471354,5.525540275049115,-0.024103726369141872,0,0.20099803805351257
2016,ANA,2.2870720745479223,2.0875278518850497,0.52,0.5,0.13926999522237124,0.9649940103820046,6.624208154415204,5.908908622171298,0.27712049051665566,0,0.030982566997408867
2016,WPG,2.3058358799170966,2.257314452586919,0.51,0.49,-0.290823397771439,1.0455267337215457,6.720450281425892,7.187045064202176,-0.10876498036187855,0,0.003975285682827234
2016,NJD,2.1305593270854724,2.2695963175149854,0.48,0.48,0.0193727853760309,0.8043645520039169,5.76597004822743,7.781818181818182,-0.7338198732857487,0,0.0013257955433800817
2016,BOS,2.496595843836719,2.1396996208189463,0.54,0.55,-0.1023407545491136,0.8736025413892113,8.347687822976017,4.786653185035389,0.2779950780098507,0,0.5725035667419434
2016,STL,2.085186034392913,2.0248546117769672,0.51,0.5,-0.046224075039083046,1.1083921117028934,5.703872046653231,5.0552265861027195,0.20545254952514275,0,0.044394005089998245
2016,DET,2.1042228652704886,2.261807837559468,0.48,0.48,-0.12183039874442102,1.0069225928256766,4.855080325474651,6.68848013738871,-0.5499578232828762,0,0.0008205531048588455
2016,PIT,2.697934456735242,2.4790985216582238,0.52,0.5,0.23119197766980254,1.0263201456712465,6.600545950864422,6.367851622874808,0.5891980360065466,1,0.045288365334272385
2016,DAL,2.4548595773490813,2.5131175355958932,0.49,0.5,0.2095503090000123,0.9020462525729507,7.066638602399495,8.77414007459594,-0.45966660730426373,0,0.0021312423050403595
2016,TBL,2.4262102722274372,2.3187944213490677,0.51,0.51,0.11616601850610148,0.8705384902375327,6.766024222427876,5.5859593139210215,0.07217128652000748,0,0.14439962804317474
2016,WSH,2.376169562726752,2.3162879511170513,0.51,0.52,0.6053847622684742,1.144326583092253,7.521731541281201,5.968848758465011,1.0134421845309312,0,0.7194429039955139
2016,COL,1.970558570060645,2.352505585700607,0.46,0.49,-0.6044047239067984,0.886331830197481,4.91714198632821,7.483860489666654,-1.3444269867811471,0,0.0008123921579681337
2016,MTL,2.3735265385867796,2.1418593292087267,0.53,0.53,0.2515955714750894,0.9507346585998272,5.040629457507017,6.00446409033218,0.30075992006469676,0,0.9403441548347473
2016,MIN,2.4424214136412523,1.9789516407248817,0.55,0.49,-0.1835176654422956,1.118688681502752,5.822283405124562,6.695673818887838,0.6884912579728428,0,0.211515873670578
2016,CAR,2.5271929364172583,2.389554811803321,0.51,0.51,-0.081245735648565,0.8396595353117092,7.322950819672132,4.486379292349442,-0.2162999359111301,0,0.0017246921779587865
2016,NSH,2.276621848110426,2.1629853899547102,0.51,0.51,0.03698050746305899,1.0522162304353544,5.7656657693104165,6.542087843277574,0.21661735947450234,1,0.08148875087499619
2016,CHI,2.3010821675837003,2.355901163380911,0.49,0.5,0.3385621180435709,1.0418651928085891,5.091428571428572,6.646264626462647,0.33735052660818815,0,0.15700457990169525
2016,NYI,2.32762279553456,2.4467554008895105,0.49,0.48,-0.05590743887664741,1.1192152917505032,6.37403109879269,6.822851060054998,0.012051540421201339,0,0.012087743729352951
2016,FLA,2.2103620236780994,2.45353839125966,0.47,0.51,0.001979519585823525,0.8955635161201433,7.09032640949555,5.937547600913937,-0.3115368485518196,0,0.00029911144520156085
2016,CBJ,2.4252827754518447,2.3519193396633398,0.51,0.5,0.39950532271119293,1.0367750198206989,6.949000487567042,5.981272899986429,0.651953008407645,0,0.2646113932132721
2016,EDM,2.508023541805784,2.4190325296657442,0.51,0.5,0.3286396270473613,0.9942251592546288,7.706456025771148,6.945670954117873,0.4327717763344631,0,0.27021148800849915
2016,SJS,2.490354775958378,2.290310621618131,0.52,0.51,0.26587577634577,0.9152766905521769,5.695379055158765,6.384295175023652,0.23002730733531523,0,0.7662567496299744
2016,BUF,2.190777437165091,2.4038835267236407,0.48,0.47,0.12060399573917936,0.8417958311063602,6.955368575086885,7.850292397660819,-0.3851670561802261,0,0.00038078663055785
2016,ARI,2.0704390761343117,2.8249378070186517,0.42,0.45,0.26397605728068274,0.9734318963624388,5.739787353105763,8.051004636785164,-0.8062925585080244,0,0.0005816601915284991
2016,VAN,2.0837839482384437,2.4580735452203717,0.46,0.48,0.15070888181246567,0.9110659471581751,5.128694978701432,6.671054461181924,-0.759104738379974,0,0.000998056260868907
2016,PHI,2.280256152561941,2.35261675955381,0.49,0.51,0.05023380981253706,0.8392341987936007,8.289289600497435,5.169131084897823,-0.2276494198933642,0,0.003537482814863324
2016,TOR,2.674261179973515,2.6015677049490455,0.51,0.5,0.20312718479342648,0.9356142390522062,8.461882205737778,7.4630659253375695,0.19231989208717165,0,0.12020650506019592
2016,OTT,2.2081703552817387,2.2621561840016993,0.49,0.49,0.13271516226990407,0.9168081494057725,5.598674990444642,6.053612458514169,-0.048058150361937946,0,0.009184476919472218
2017,MIN,2.3694479794064858,2.0887494248490097,0.53,0.47,-0.06013903109338796,1.007683587353571,6.8,5.236259587489568,0.2530662524771035,0,0.2943872809410095
2017,DAL,2.3566560481261027,2.0749051311664743,0.53,0.51,0.0188849263259428,0.9629055189349877,6.744806987373851,6.392625056672208,0.10840724990213234,0,0.11626388877630234
2017,NYI,2.3197121204039175,2.6358216426698617,0.47,0.47,-0.1707582279156221,1.1271013754457464,6.373176865046102,7.262549818637768,-0.38527397260273977,0,0.00039772462332621217
2017,NJD,2.4060270618073685,2.369294968702757,0.5,0.49,-0.1344844388360674,1.0094715852442673,5.599527764894379,5.6141174565912495,0.03607334914325796,0,0.0039016639348119497
2017,NSH,2.3754955076787843,2.3179870343918254,0.51,0.51,0.37061016118262596,1.0759574740617395,5.587838948233361,5.849099742783651,0.6830869404562567,0,0.6621888279914856
2017,TBL,2.6116200212561362,2.3658079862341213,0.52,0.52,0.1339136595981577,1.1452822510319167,7.6092619392185235,7.237074872305967,0.6747529922082094,0,0.6692022085189819
2017,FLA,2.4292642161641997,2.5603909999113665,0.49,0.49,-0.022639502640009256,1.0445334000500375,7.402846795249726,7.075660719397005,0.024132568241540194,0,0.0039163376204669476
2017,TOR,2.6552815497644597,2.5829353424077977,0.51,0.5,0.26902830549430884,1.0424135458606807,9.460477532255672,6.206124172259011,0.4811467330470956,0,0.05334499105811119
2017,BOS,2.548398311398063,2.1514775266948103,0.54,0.54,0.09535634467345427,0.9705332086061741,7.056784417299439,6.093293225437445,0.6743783074977755,0,0.39385080337524414
2017,NYR,2.3168916423911705,2.585565995158577,0.47,0.46,-0.11742501948877838,0.9562667346678566,5.633093525179856,6.577071704594246,-0.4217290892659906,0,0.0010431375121697783
2017,MTL,2.4377182481328523,2.3400425001346252,0.51,0.51,-0.016105314173753663,0.8013702820089313,6.6603146853146855,7.137213546947881,-0.6144969057604065,0,0.036098092794418335
2017,OTT,2.147540512702666,2.5437504360065493,0.46,0.47,-0.39606219402599213,1.059365756345876,4.860030065141139,7.403003867254249,-0.782336578581363,0,0.00016388812218792737
2017,CGY,2.678235743744383,2.353775209360537,0.53,0.53,-0.050196131134872604,0.8298520943886193,7.511589735377717,6.845310404669875,-0.32532298011915123,0,0.09453962743282318
2017,STL,2.236382815893437,2.0722692204273274,0.52,0.52,0.017126191904358164,0.9988679496570554,5.33099209833187,5.878397052049746,0.012079888328143456,0,0.02147340215742588
2017,WPG,2.4110407817195814,2.148117056463122,0.53,0.52,-0.02780342841792453,1.0967661067936827,6.566647896388062,6.753486210102262,0.6864460360417621,0,0.8474563956260681
2017,BUF,2.0041434740284054,2.371215335846043,0.46,0.48,-0.2796096148566007,0.8892542220893739,6.143928389148443,7.0145821648906335,-0.965011627049812,0,0.001255498849786818
2017,PIT,2.6460671338495763,2.451589704136074,0.52,0.52,-0.1976384405679784,0.9215541270834519,6.655324093285749,6.146053117688108,0.265790542286537,0,0.38588908314704895
2017,ANA,2.2692234385488055,2.3895983359989392,0.49,0.49,0.3460591847389224,1.0385854203641622,6.719157615140161,5.743691899070385,0.26387773664868613,0,0.008136637508869171
2017,COL,2.0952720103184563,2.406545445070288,0.47,0.48,0.2177819661523363,1.1416206536337858,5.983900397123538,6.158372797143079,0.2297375819111883,0,0.013674176298081875
2017,PHI,2.379754124319811,2.3430331796438955,0.5,0.5,0.1812356301746796,0.976854156296665,7.132240791822165,6.441547902824974,0.15609834195543193,0,0.08216143399477005
2017,VAN,2.0934693708951215,2.4241893510677848,0.46,0.48,-0.044314098062703804,0.9873561585452479,7.338237932890723,6.000952986022871,-0.4946728824749731,0,0.00018051167717203498
2017,EDM,2.6479109601474855,2.5228711237691064,0.51,0.51,-0.04763422338223965,0.8994679975867931,5.543913565426171,7.621353304885483,-0.3978726539579621,0,0.005808567628264427
2017,CBJ,2.6732910244786945,2.4807978241160473,0.52,0.51,0.33392565729827756,0.9170329372185143,4.6688653177645065,6.143854680404317,0.1201097001928428,0,0.08990620821714401
2017,DET,2.2881951657263464,2.461092323160143,0.48,0.49,-0.02168692718676499,0.9739198640434015,5.042833989349386,6.068562849278505,-0.5056331952205624,0,0.00045714963926002383
2017,LAK,2.2114826308939834,2.3969366302933226,0.48,0.5,0.36970667734507967,1.0389081279282948,6.496738031792704,6.355389030612245,0.4214765729271548,0,0.01372470147907734
2017,WSH,2.297913779542305,2.595453013221469,0.47,0.48,0.28825049627326876,1.1083583257269527,6.781950142000632,6.606124604012672,0.2170810636972121,1,0.0030213831923902035
2017,ARI,2.23112958617834,2.4954980555172157,0.47,0.48,0.08417702506312451,0.9170105456212747,7.065826518300041,7.830197688854932,-0.5400810121518227,0,0.00026691320817917585
2017,CAR,2.530655162034715,2.2679963880806664,0.53,0.54,-0.31813785492124025,0.884905229504453,7.532302949865136,6.047371073408366,-0.3372173546502875,0,0.014656533487141132
2017,SJS,2.4619320557919857,2.328946397382598,0.51,0.51,-0.1064180462965242,0.9592326139088728,6.118931934471342,5.834815027244049,0.25273883987523527,0,0.013633493334054947
2017,CHI,2.5072833758822646,2.544826550533113,0.5,0.52,-0.09821294488661948,0.9403449928126497,5.595485462291651,6.848685103879057,-0.3141171495882247,0,0.001623059855774045
2017,VGK,2.4357317888171086,2.4081087101804415,0.5,0.51,0.07648325536496631,1.0670081092616304,6.445766358688774,6.117375066690379,0.5174817226659001,1,0.11941953748464584
2018,VGK,2.946270823079939,2.4088789529442187,0.55,0.54,-0.08363433128404464,0.8867597594536745,6.585130178044198,5.793066039868012,0.2177631556838536,0,0.02549554780125618
2018,FLA,2.2497772938731067,2.4791646045728988,0.48,0.49,-0.37147381965752757,1.0954926417211113,6.6999800439034125,4.358345221112696,-0.1080165625395894,0,0.0006283781258389354
2018,STL,2.5064665281779805,2.1663204449507476,0.54,0.52,-0.05005695905648988,0.9985563041385948,6.523839681534426,6.112737177415632,0.2890995419244527,1,0.8442175984382629
2018,CBJ,2.5807397631878,2.4365995820961177,0.51,0.5,-0.07082371054657446,1.0738636363636365,4.774417859920399,5.380844888745566,0.30282128497165256,0,0.0672730803489685
2018,PIT,2.585145973298616,2.3885333890123928,0.52,0.5,0.17774720888244763,1.0433295324971494,7.931939437635184,5.8305620065025545,0.39747064137308036,0,0.1598239690065384
2018,VAN,2.105714285714286,2.4918796992481203,0.46,0.48,-0.15473684210526303,1.0497750482039563,4.799140708915145,5.68073669736239,-0.3473076999846971,0,0.0002451800392009318
2018,TBL,2.733294008595264,2.4338754529367153,0.53,0.52,0.006977332097413115,1.1598224195338513,7.58603688867368,5.8842113454205895,1.1808256407853428,0,0.01120015699416399
2018,NYR,2.2059220436209066,2.4287724655923073,0.48,0.46,-0.12657903967975584,0.9765625000000001,6.489950808151792,6.5971806920119604,-0.5517039188968587,0,0.0005234378040768206
2018,BOS,2.4156775744130154,2.1756332039193937,0.53,0.53,0.26770197818450725,0.955121533092512,6.915445852371756,6.111526171294837,0.5417842762163392,1,0.22411654889583588
2018,NYI,2.3621666714610363,2.2981084157622433,0.51,0.48,0.4044694482228643,1.0145925972317906,6.2471670443940805,7.333851172906634,0.3852971671293354,0,0.1997404545545578
2018,ARI,2.3417525045858616,2.40151395678915,0.49,0.49,-0.0038844943932136197,0.8421589894092126,6.312062716007755,4.984968570647718,-0.1325208067706085,0,0.001358966575935483
2018,WPG,2.2803228392393216,2.5282694188306105,0.47,0.49,0.06542405177515433,1.1197985687781606,7.026869758685606,6.825664730079302,0.3261744966442953,0,0.031134385615587234
2018,CAR,2.9325540464251323,2.3672334207817225,0.55,0.55,0.1555640421080596,0.8255197717081125,7.064507518462497,5.8437067155176265,0.266240860576519,0,0.367792546749115
2018,MIN,2.536109008327025,2.1270249810749435,0.54,0.51,-0.2651021953065858,0.8536803772909081,5.21473354231975,6.074697716077027,-0.2777721865501902,0,0.03636555001139641
2018,TOR,2.7563480438287113,2.7008174922055925,0.51,0.52,0.1378689557539506,1.1061828675252499,7.922404478931343,5.304711024769306,0.44774614272748664,0,0.017545612528920174
2018,EDM,2.2900830915974235,2.5412753822705145,0.47,0.48,-0.14322238064801623,0.9532397269096999,6.969221721231132,6.273525940819091,-0.5072838172436237,0,0.0004575182683765888
2018,NJD,2.3552138131076914,2.4568554927184256,0.49,0.47,-0.4317454323890598,0.970682757263724,4.6251366120218576,5.440115440115441,-0.625952973276623,0,0.00020653725368902087
2018,WSH,2.3673339715158788,2.622712888918615,0.47,0.49,0.1697509834002868,1.2777318670141757,6.171037628278222,5.746058091286307,0.3133893594937556,0,0.015232798643410206
2018,LAK,2.264631127248721,2.462782637398911,0.48,0.48,-0.06238653243109407,0.9248327430145612,4.968215631339967,7.596116504854368,-0.7227851320421357,0,0.0011692183325067163
2018,ANA,2.078818266031379,2.538219007938321,0.45,0.48,0.23523351791003222,0.9855406085893101,6.145706851691241,6.606900754055907,-0.6275140788415126,0,0.0007688865880481899
2018,MTL,2.631305243570147,2.308167741077956,0.53,0.54,-0.18900777563633928,1.0797294993464794,4.85923949299533,6.138714835141092,0.121023455017935,0,0.3032279908657074
2018,SJS,2.6729094983795854,2.266814406278378,0.54,0.55,-0.5224650298672844,1.1052513464991023,6.9773497897734975,6.24161807580175,0.37483877901977647,0,0.2874770164489746
2018,COL,2.416956714202637,2.3807101752436832,0.5,0.5,-0.009686575066616973,1.0407239819004526,6.341485405161726,6.186925086118786,0.168921749680758,0,0.40435877442359924
2018,CGY,2.6498199804838656,2.330781654833608,0.53,0.54,0.029223728927622164,1.0857142857142856,6.198517362465861,7.016422469124873,0.7998518792816145,0,0.7835129499435425
2018,CHI,2.2925604524180967,2.7501950078003117,0.45,0.49,0.015210608424336856,1.1802232854864434,4.6560255387071035,7.3939510137564115,-0.28919630873044827,0,0.000998994684778154
2018,PHI,2.452187066683474,2.587268372620698,0.49,0.48,-0.3019286524643894,1.0301647029794583,6.493332775989634,7.015138268991857,-0.47141144750846964,0,0.0016683809226378798
2018,BUF,2.3398279538269247,2.4934931255054775,0.48,0.5,-0.2563046834791561,0.9741075917546506,5.7478208336929315,6.313275579489582,-0.5646380409863145,0,0.0005755934398621321
2018,NSH,2.5270365796533665,2.402708342204999,0.51,0.52,0.2411446578375845,0.994904149478282,4.791565019640272,6.4664383561643834,0.28989008334339894,0,0.4362131655216217
2018,DET,2.2085907631917894,2.7095128084558295,0.45,0.47,0.059910453253736125,0.99306851506265,6.317469701448418,7.8511466897446995,-0.5763477297969776,0,0.00025756965624168515
2018,DAL,2.326075961858709,2.2624249077923198,0.51,0.48,0.264077861521951,0.8781977854142803,6.772560309738906,5.403319390095803,0.10881392818280741,0,0.1184244230389595
2018,OTT,2.338639486944572,2.766376546037563,0.46,0.45,-0.4876644198678098,1.0703267644651513,6.713837058932201,6.2756804214223,-0.7159252929934374,0,0.003331967396661639
2019,CBJ,2.271767697574974,2.1394780582744954,0.52,0.49,0.059666718756659236,0.9530241632898094,4.707026554474921,4.406808824433111,-0.04223567506687315,0,0.00436009606346488
2019,WSH,2.4751921803690466,2.4431696999408676,0.5,0.52,-0.1586568348487069,1.1540723316671568,6.5247170358904905,4.595611011735963,0.34301912411019486,0,0.010779904201626778
2019,WPG,2.124851623033713,2.750362179996448,0.44,0.49,0.3613761905206978,1.0847189231987333,7.351531569076891,8.080279453794857,0.16740747055837366,0,0.0029716852586716413
2019,NJD,2.3498194945848376,2.6731046931407945,0.47,0.46,-0.16083032490974725,0.9525272699339375,6.199028452463567,5.904242664551943,-0.5565200846671582,0,0.0002867299481295049
2019,LAK,2.4496818557936484,2.298342226153451,0.52,0.53,-0.13267897394926811,0.8316444195960584,5.438231469440832,5.801652892561983,-0.45281238945010016,0,0.02417881414294243
2019,OTT,2.479969470018604,2.54900539044984,0.49,0.48,-0.13000047703095918,0.893289938369919,5.56513926325247,6.987796054218321,-0.6662194360267413,0,0.003910391125828028
2019,PIT,2.254637010537776,2.1338997550258583,0.51,0.51,-0.2983435081852471,1.1719053162592161,6.337278106508875,5.223624432104998,0.35764952730654137,0,0.060083579272031784
2019,FLA,2.3946057803697145,2.536827826569106,0.49,0.5,-0.261275087378833,1.1982732956236974,6.85679025042423,7.3836671802773495,0.057344701389414325,0,0.0007562022074125707
2019,BOS,2.2459877415394214,2.0742718493904877,0.52,0.51,0.19749958586281838,1.101132370167903,7.919331998632745,6.468080974804602,0.8449282788889194,0,0.02584257163107395
2019,SJS,2.3880579488910745,2.484580721865872,0.49,0.51,-0.3864433647932598,0.9145891724443133,6.481517343509711,5.421355383785727,-0.6377827208125825,0,0.0015400794800370932
2019,DAL,2.3665466028519266,2.105787733754379,0.53,0.49,0.13410963635466516,0.8256398708999475,6.660573857598299,6.058040756199363,0.05720278386881495,1,0.011880266480147839
2019,CGY,2.4443199931073103,2.376771636582949,0.51,0.5,-0.19075518028690808,0.9446598519562919,6.603314917127072,5.932475884244373,-0.14056075934045767,0,0.004920885432511568
2019,ARI,2.4396518814541346,2.4627889108489858,0.5,0.48,0.21867102217540255,0.9269823160296634,5.166119125839166,5.0163934426229515,0.09858884928816503,0,0.018416540697216988
2019,PHI,2.494526176798084,2.426238877447454,0.51,0.51,0.0672230816984124,1.0949943117178613,5.965271466156422,4.808149405772496,0.5136049838705842,0,0.1802903264760971
2019,ANA,2.1282964596466836,2.372156571346389,0.47,0.48,-0.1993336369519885,1.054168018164126,5.130201782687155,6.343932787408273,-0.5746298581723189,0,0.002353726653382182
2019,EDM,2.277354073850336,2.386940270331496,0.49,0.48,-0.26351657479423074,1.0743061772605194,8.741708197284757,5.891360909042638,0.12546711328828392,0,0.0049214549362659454
2019,VAN,2.4407366009336484,2.592406394934225,0.48,0.48,-0.047704064859725254,1.0593062290190227,6.09172290318138,5.887394620634284,0.17186984042362732,0,0.027578068897128105
2019,DET,2.0279126744542153,2.5200157500984384,0.45,0.46,-0.43750273439209,0.7939247497411115,4.77482599745123,8.372132460313722,-1.7200926084186647,0,0.00043250672752037644
2019,TBL,2.6094954606340233,2.2222949843726747,0.54,0.52,0.06125911593987213,1.088221203203066,6.45606138107417,6.912229675845569,0.6504601534237536,1,0.6028411984443665
2019,CHI,2.384054457560643,2.6940938701640347,0.47,0.48,0.13635512627874913,1.0656034795215659,5.902718734552645,6.028438981196937,-0.08458712865858913,0,0.005675599444657564
2019,NYI,2.227844186967908,2.263154334528377,0.5,0.46,-0.08505744904960212,1.014990630855715,5.806160215795747,6.382776286899245,-0.01447183820484887,0,0.005003715865314007
2019,COL,2.331050399388553,2.256597779009996,0.51,0.52,0.17048571043205904,1.2575219873476315,5.485729793296847,6.464821886279228,0.6651518606168771,0,0.5825034976005554
2019,NYR,2.2392011768376943,2.57442161101948,0.47,0.47,0.02460660633887568,1.1864946647555343,6.835311143270622,7.144225352112676,0.18459863602118942,0,0.014636005274951458
2019,MIN,2.383269059626224,2.1089884307327202,0.53,0.5,-0.38285375259566906,1.1799850634802092,5.246814120404277,6.687816843826655,0.014352521857694747,0,0.03306323289871216
2019,TOR,2.568019319096548,2.466934987452057,0.51,0.52,-0.2945594014868128,1.0687022900763359,6.689949191146411,5.112244897959184,0.19709673382555373,0,0.2095463126897812
2019,STL,2.2441339661742097,2.2068320074871313,0.5,0.51,0.1612407246473694,1.156644963615473,6.716299559471366,5.881814310051107,0.4344863833680481,0,0.01643877476453781
2019,VGK,2.8441689723742223,2.2581474925133715,0.56,0.55,-0.21920278678177033,0.9130774313690154,5.785678794236184,6.837815975733064,0.2086319539155195,0,0.7945063710212708
2019,CAR,2.677308349111846,2.3862683086638223,0.53,0.54,-0.15824257464053387,0.9781477627471383,7.78866474543708,5.672347826086956,0.3487485014712828,0,0.03403197601437569
2019,BUF,2.0792377712927355,2.2863962275090346,0.48,0.49,-0.026960168525211336,1.0958674920528693,5.158711401120074,7.199577489583944,-0.3154523874010228,0,0.00036936101969331503
2019,NSH,2.4076695226924834,2.387452040633759,0.5,0.51,-0.045802437230383915,1.1443858215055362,5.899612384083214,6.53776132839852,-0.02859866539561487,0,0.018756752833724022
2019,MTL,2.7341171374356708,2.3332375943460635,0.54,0.54,-0.15848726122147241,0.9237445753254804,5.987562731835042,6.619066534260179,-0.1670559482745286,0,0.008268918842077255
2020,TBL,2.3714105926844313,2.1812132804176767,0.52,0.52,-0.01682169625000779,1.0593019956492953,6.736298210001846,5.922620406299932,0.6195969669253237,1,0.4612683653831482
2020,CBJ,2.0230278352808337,2.3703957160698703,0.46,0.47,-0.3190364578878036,0.9945199918814694,3.948672877482862,7.113219284603421,-0.8772400079926311,0,0.0008910273900255561
2020,ANA,2.0004310809354457,2.3746093329022524,0.46,0.49,-0.27653842008837154,1.0882448012067665,5.2407483048770525,5.885990102034582,-0.9352436878403616,0,0.0002084690349875018
2020,CHI,1.9500437846628582,2.3988991284767107,0.45,0.46,-0.30324006505149914,1.0997470581766193,5.8306620209059234,6.300000000000001,-0.43919578372047624,0,0.0009659588104113936
2020,NYR,2.0909630046282426,2.249435990242173,0.48,0.47,-0.08363852018512964,1.2210526315789474,6.685027905848095,6.3075489282385835,0.3716412187472348,0,0.035262905061244965
2020,WSH,2.2603160086162286,2.1320834185730275,0.51,0.51,-0.18563400281591821,1.2553905126976521,5.4345287739783155,5.298426775192857,0.4763725115417414,0,0.1898200660943985
2020,VGK,2.711710299419972,2.3641998384120972,0.53,0.53,0.25873358496026627,1.0806051388777715,6.076833527357393,4.451571520205261,1.2013662596678576,0,0.05120719596743584
2020,PHI,2.2624113475177303,2.2095422308188266,0.51,0.52,-0.6703202235117128,1.0259333143345684,5.507362116296481,6.9343139741313715,-0.648964677222899,0,0.002669231966137886
2020,PIT,2.175659475962419,2.2411375997259935,0.49,0.5,0.09396535942694835,1.231190150478796,6.7260823653643085,4.56718283452538,0.6706375468784469,0,0.00500835943967104
2020,BUF,2.139024304703118,2.4837091852839057,0.46,0.47,-0.399186336057237,0.865715691096901,5.4476028850233345,5.972006220839813,-1.0927356578444907,0,0.0005547141190618277
2020,COL,2.685539661410975,1.7775361367854667,0.6,0.59,-0.22475112019347934,1.0974281645304516,6.966165413533835,5.050474115083338,1.1543071937016263,0,0.07025234401226044
2020,NJD,2.3161398857468956,2.413938640970616,0.49,0.51,-0.21828168561968345,0.9424374018294372,4.415765884524124,7.851145581329159,-0.7758012694929864,0,0.0002746722020674497
2020,FLA,2.449534690868884,2.1074357320556527,0.54,0.53,0.028747811664977363,1.083325810237429,6.790383987816817,5.979831293207332,0.6511186825112064,0,0.5567125678062439
2020,VAN,2.2898672326143825,2.8240215191747695,0.45,0.46,-0.08550910616455247,0.9990300678952474,5.90069020974335,5.772072853425846,-0.6904216292770243,0,0.0007452405989170074
2020,CAR,2.5788556508945315,2.1961517356986513,0.54,0.54,0.41613352548525395,0.8838383838383839,7.361719718892105,4.07325746799431,0.7197647598102084,0,0.636702835559845
2020,LAK,2.0114505688505298,2.475970969007454,0.45,0.48,-0.1500588466065123,1.0422380691168402,5.0821488797880034,6.006880733944954,-0.4777891927230543,0,0.00041060891817323864
2020,BOS,2.239952754292188,2.0577193098751962,0.52,0.54,0.0401347466870754,1.036319612590799,5.720612178443504,4.45156712004731,0.527792167173282,0,0.3217332363128662
2020,MIN,2.3328066507851624,2.13722106081968,0.52,0.46,-0.22555787836063987,1.1816561943167965,4.7714420358152685,5.83668903803132,0.3703939600307682,0,0.09870348870754242
2020,WPG,2.243234321451507,2.6045026498532526,0.46,0.48,0.42219994838337954,1.049894047389713,6.7833725889617424,6.1975256867267765,0.3194258222257276,0,0.17731724679470062
2020,SJS,2.3445066530938705,2.3988220751835962,0.49,0.48,-0.5241765432996437,0.9769259397097134,5.815022860875245,4.784384724186704,-0.8799503316923889,0,0.0011464472627267241
2020,CGY,2.414065999701359,2.1074361654472153,0.53,0.53,-0.2219650589816335,1.039153831879755,5.783037944570001,6.015172588190668,-0.08884194524374775,0,0.038212038576602936
2020,STL,1.879758017024466,2.2455163552652713,0.46,0.48,-0.08865570962042937,1.1619958988380041,6.50761421319797,6.506885593220338,0.0,0,0.0025360328145325184
2020,OTT,2.23176528437961,2.4717259465661368,0.47,0.49,-0.4130470414686118,1.028202115158637,5.649462365591397,5.988182632050134,-0.6014003193710846,0,0.0007987965946085751
2020,EDM,2.43461816429776,2.4773307636714046,0.5,0.49,-0.05940737171765829,1.024133938908184,9.027254772876894,6.944985104270109,0.5164635111603609,0,0.0871671661734581
2020,NSH,2.2253610709421143,2.248474411515868,0.5,0.5,0.30436165297587264,1.0289264220539702,5.970858493042793,6.468627083723544,-0.05283576394154799,0,0.0024894834496080875
2020,MTL,2.4460325576417707,2.1654280176462892,0.53,0.55,-0.039169054781977915,0.9275463773188659,5.061646669424907,9.010408871351792,-0.12319485319279994,1,0.0017134486697614193
2020,DAL,2.1179688595876,1.7859447327815963,0.54,0.53,-0.21293309019497836,1.0033777071329228,6.53611258629846,6.089258798086375,0.13972849976226748,0,0.1500278115272522
2020,TOR,2.8710616070789703,2.293414744675269,0.56,0.51,0.25415603310515905,0.994392523364486,7.330305180979418,5.641003645721639,0.6733277550819511,0,0.056938350200653076
2020,ARI,2.1295489053239947,2.29110545133957,0.48,0.49,-0.2435470441298917,1.0246325812461188,4.959427483118832,7.037041617710718,-0.42361454998308484,0,0.00029893728788010776
2020,DET,1.9251555279592103,2.3212771800780923,0.45,0.45,-0.1074665361147265,0.9713073573741209,4.776181770697311,7.069651741293534,-0.7581248653201951,0,0.0001361863687634468
2020,NYI,2.2313233319712804,1.9274531550989435,0.54,0.49,0.03614500029186852,1.0642305518930117,6.213684800897364,4.872897196261682,0.47400067296391846,0,0.10382752865552902
2021,WPG,2.6796686468375506,2.7382762235606077,0.49,0.49,0.34069353943554864,0.8615928421517729,6.939627070022167,8.215837421163279,-0.036165638624902054,0,0.0027184130158275366
2021,CBJ,2.4091781024051944,2.9467315921499186,0.45,0.48,-0.21100782056957373,1.0840938323023213,5.471499748594415,8.237301909792768,-0.4706434473626871,0,0.0015856322133913636
2021,PIT,2.6813610221831885,2.3329866156168673,0.53,0.52,0.08916986065185635,0.9781013965114383,7.653377679895725,6.287466693479463,0.5648321860875022,0,0.8137792944908142
2021,NSH,2.413036293841995,2.4173071545390608,0.5,0.5,0.03782762331686551,1.042983565107459,8.346138921226233,7.3840468124422545,0.14465528845670889,0,0.02086724154651165
2021,VGK,2.723848667046631,2.4698289356441605,0.52,0.53,0.07123533992117081,0.9707707813909077,6.1108465860394245,7.514317008292912,0.21687835734725638,0,0.117306649684906
2021,EDM,2.7259937004381767,2.569137075015708,0.51,0.52,0.011531401303442601,0.9816150550463691,9.116512992455993,7.0992922651702335,0.40970299879833844,0,0.042105697095394135
2021,FLA,3.304342027946674,2.599965827210709,0.56,0.56,0.18453306217363963,0.9897843359818388,6.663153933007151,7.203601800900451,1.1436099955526278,0,0.26311007142066956
2021,OTT,2.4637540573816366,2.7668544565906803,0.47,0.48,0.15520650673432088,0.890423405415228,7.572003218020917,6.90127659574468,-0.4831858050747931,0,0.003719600150361657
2021,VAN,2.361993945113805,2.44421292607891,0.49,0.5,0.34093666883204443,0.9776449343047512,7.198422436459247,7.902439024390244,0.18058328400734372,0,0.005030697677284479
2021,STL,2.4557877714271608,2.7148764921549993,0.47,0.47,0.18176206994457286,1.2064181445288937,7.910797282803004,5.409209383145091,0.8460634547591069,0,0.009184598922729492
2021,PHI,2.466555239293043,2.8432183755874765,0.46,0.47,0.028298139935129498,0.9600869512710585,5.309441764300483,6.5653145959757255,-1.0143396226415093,0,0.001870244275778532
2021,DET,2.3716547734318425,2.7587531224826893,0.46,0.46,-0.2144199708703893,0.9819057617489038,5.404145321238897,6.504288164665524,-0.9995818349084218,0,0.0010908445110544562
2021,BUF,2.153481620456668,2.5636824590700855,0.46,0.48,-0.36216454452454977,1.0680005407597675,5.43284940608929,7.247553391505567,-0.6995677957583677,0,0.0006798746762797236
2021,SJS,2.3397680572661974,2.6170749850615223,0.47,0.46,-0.002341377754472348,0.8881105760210145,5.62430147585614,5.672241410652609,-0.6029362997799282,0,0.000977496150881052
2021,COL,2.6324838111106903,2.3792176316885674,0.53,0.53,0.0616503199909114,1.1393060590367685,7.4903112155020555,7.120126782884311,0.9179452252421517,1,0.020778462290763855
2021,BOS,2.6993534075297143,2.04731594802052,0.57,0.55,-0.1306797413630117,0.9749537737434864,6.658626832945046,7.0447391250464735,0.42341982075227586,0,0.3290330767631531
2021,NYR,2.1561428414531463,2.419583548582609,0.47,0.47,0.2523114721423369,1.0730779679434936,8.419412822049132,6.675912743972447,0.555246340269442,0,0.04522432014346123
2021,MTL,2.323242406848187,2.783248895654995,0.46,0.47,-0.15168833761760955,1.0054785691266517,4.748831023980095,7.614988978692138,-1.1946382062996719,0,0.0005395341431722045
2021,TBL,2.672821754283448,2.459753323455141,0.52,0.51,0.22088194169084022,1.028783449516528,6.912058170066653,7.101089815858701,0.6856318036927888,1,0.036570727825164795
2021,LAK,2.7661686652250834,2.450068802830745,0.53,0.54,0.20906231570670344,0.8261379383860995,6.145141247618259,7.192007030852491,0.03605612737160847,0,0.10138927400112152
2021,ANA,2.24883788495061,2.41719930273097,0.48,0.48,-0.29924462521789646,1.001227310897229,5.8229804882646805,6.653790798087191,-0.4558176729308277,0,0.0006109835230745375
2021,CAR,3.025487281694423,2.4084721143127386,0.56,0.56,0.2651082660541161,0.9697030598402251,7.36231884057971,3.9034269035350078,0.929692819028518,0,0.031464748084545135
2021,DAL,2.521684454642702,2.3666146773258423,0.52,0.49,0.014845542662561823,0.8568430869666589,8.631832797427652,5.491794444716603,-0.13224465260732357,0,0.007081841584295034
2021,NYI,2.2065190467102247,2.477984918562675,0.47,0.46,0.13902210238647286,1.053398701470783,6.617752184273233,6.149122807017543,-0.024143816667952102,0,0.005508469417691231
2021,NJD,2.644137025601128,2.5535484184678228,0.51,0.51,-0.5973596557341176,1.0040825333774688,4.757438968217412,5.837395912187738,-0.686949302338038,0,0.0002676123986020684
2021,WSH,2.337449706227004,2.3002794326124896,0.5,0.51,-0.015487614006047711,1.1295513346374708,6.800493974364434,5.765076380728555,0.3365519451901118,0,0.013394366949796677
2021,CGY,2.6957129909740645,2.207642041574759,0.55,0.56,0.12186875354353856,1.0832320106112523,7.475444279086054,4.655998035443868,1.0269386823638382,0,0.03207617253065109
2021,CHI,1.966256455827263,2.2397919460625055,0.47,0.46,-0.5777410005666046,1.0672438241659825,5.915478952601922,6.869784480707931,-0.9126753797810381,0,0.0012669764691963792
2021,TOR,2.9870919064418118,2.4294622647280737,0.55,0.54,-0.24269662921348317,1.0223642172523961,8.041949778434269,4.797488511761227,0.724564757975244,0,0.023329632356762886
2021,MIN,2.4648108288685253,2.158517246774555,0.53,0.51,-0.12498361376697308,1.2784880489160646,6.830554285001456,8.182801297712981,0.6724527848751493,0,0.03353887051343918
2021,ARI,2.0352764246248407,2.772648510805244,0.42,0.44,-0.4787327949782586,1.1348850657799623,4.611457225345692,7.871939736346516,-1.2436025569649123,0,0.0007631908520124853
2021,SEA,2.171127358182649,2.386741954435668,0.48,0.51,-0.3892225341079705,1.0282776349614395,6.008542141230069,7.25512961665499,-0.8606379360851749,0,0.0002788783749565482
2022,CGY,2.894263371911167,2.398798873944323,0.55,0.57,-0.1385799186737565,0.9441303107329978,6.327960247242758,5.683116483178074,0.13203608986456297,0,0.009000757709145546
2022,EDM,2.8992571920354946,2.4661057310684233,0.54,0.52,-0.07565110585640161,1.0011931317113658,11.296132883467429,6.988055791014873,0.8340636426823003,0,0.5900598168373108
2022,CHI,2.1650908854209048,2.920082667491172,0.43,0.44,-0.12624692844705546,0.9199756477034431,5.632860130835299,7.1498554981759606,-1.171635155765069,0,0.0003633042215369642
2022,ANA,2.176568883049699,3.2682528277872436,0.4,0.43,-0.042567692402438705,0.9778622843949478,5.829350295320309,8.935595992639543,-1.5524607371848445,0,0.000557844468858093
2022,PIT,3.091059031430134,2.706929776580974,0.53,0.52,0.08648967055160528,0.8232469250747293,7.01706433101782,6.462064474112667,-0.024163263114443254,0,0.025073722004890442
2022,WSH,2.646021051937997,2.6709275701319455,0.5,0.5,-0.027278567545752603,0.9748991483639624,6.021863612701718,7.401774397972115,-0.09643815066451913,0,0.0028591728769242764
2022,BOS,2.893747602608362,2.487763713080169,0.54,0.51,0.7386267740698119,1.0604453870625663,7.28750863786025,5.144592314901593,1.5292760022076162,0,0.08116152137517929
2022,FLA,3.116306001106195,2.693653207964602,0.54,0.54,0.20471515486725658,0.9534268457045874,8.613048707155743,7.378873506542765,0.1935425339959477,1,0.01665874384343624
2022,NSH,2.7479980327124607,3.0116145629721176,0.48,0.47,0.6962684590842023,0.8040090313343246,5.900847244358695,7.0401748699781415,-0.15630166220806155,0,0.007390376180410385
2022,NJD,3.050988368088615,2.395225689872418,0.56,0.54,0.13447802253454932,0.9417726360072665,7.588346870288411,5.998134908299659,0.8059611721856517,0,0.0876801460981369
2022,BUF,2.7097154941352937,2.882041950475816,0.48,0.51,-0.12776944451274985,1.0726342153980182,7.049634628439084,8.399647369967676,-0.04822295077575323,0,0.0016327158082276583
2022,MTL,2.367038136865637,3.0607086850622265,0.44,0.46,0.057805879016382414,1.0339359340310814,4.664300202839756,8.856894233051182,-0.9409651594915839,0,0.0027742127422243357
2022,OTT,2.866739743188224,2.730347635452553,0.51,0.52,-0.0569996868149074,0.830283498115475,8.106403518180842,7.191413237924866,-0.1329233743739846,0,0.004206384066492319
2022,NYI,2.6893924857827547,2.671462222748409,0.5,0.5,0.5404063703056556,0.9618011913219301,6.903664968669703,6.158759893223435,0.3016136329362087,0,0.13936707377433777
2022,TOR,2.9703792308686174,2.5181529843748045,0.54,0.51,0.37255400465963434,0.929433752588776,7.742230115438285,5.684520643234175,0.7009228145676468,0,0.02037106640636921
2022,DAL,2.5908208158266914,2.3487199363369853,0.52,0.52,0.1963822584701908,1.0026354990260113,9.412271805273834,5.539812218022193,0.7930971176794567,0,0.2806868851184845
2022,SEA,2.60537781752837,2.416177761731667,0.52,0.53,0.023483847675000665,1.1848072562358276,7.0517529215358925,6.9230769230769225,0.4470713803832328,0,0.2410583198070526
2022,NYR,2.3948513577874837,2.5528277232075616,0.48,0.5,0.3106770822732507,1.1014563700893405,7.785087529716879,6.569991458669451,0.6853707414829658,0,0.2210565060377121
2022,SJS,2.7818269147874917,2.8267546830547925,0.5,0.49,-0.4245969678682708,0.8978377516867663,6.495137538205057,6.331019540183766,-0.9870136817750198,0,0.001230506575666368
2022,CAR,3.079023030232626,2.040832921906311,0.6,0.6,-0.03524857798374503,0.8488964346349746,7.073235245495123,5.566723591119786,0.6251836811028881,0,0.18159858882427216
2022,MIN,2.4233191059519026,2.459832831718091,0.5,0.49,0.3733342165073505,0.8856088560885609,6.8891701951198225,6.478319616754699,0.23911686172403257,0,0.6240295171737671
2022,CBJ,2.4089164753332875,3.1297709301045233,0.43,0.45,-0.2616217186155483,0.8715260848366649,5.6190744920993225,7.457969683050068,-1.4012482383732636,0,0.0010529832215979695
2022,PHI,2.440493013996584,2.6913255588188307,0.48,0.47,0.12549000331789067,0.918429003021148,5.351017608049394,7.630057803468207,-0.6756507663072803,0,0.002286020200699568
2022,ARI,2.3374904383766584,2.8696787717170356,0.45,0.45,0.11593124928684033,0.9828169747461599,5.919576538888415,8.886712459328885,-0.8413770537780167,0,0.0012543011689558625
2022,LAK,2.7071733336669968,2.3831533639468976,0.53,0.52,-0.004204151599704726,0.93732667775929,7.4063398175532145,6.257107942973524,0.24051309460181722,0,0.14432793855667114
2022,TBL,2.8646173969914983,2.717462393721387,0.51,0.51,0.2724254163103086,0.9220231822971549,7.493246009005321,7.310443370455978,0.33829363081693886,0,0.008258129470050335
2022,DET,2.168225858946648,2.471513098049688,0.47,0.46,-0.30749330284493476,1.0115006235277817,6.427086237801235,7.791104226598805,-0.45753273466111477,0,0.000445122888777405
2022,COL,2.634244499465887,2.394713525061899,0.52,0.52,0.23341972987967965,0.9845527075199457,6.905396723417926,7.587296308613237,0.6123960160904051,0,0.4806583821773529
2022,VGK,2.6651599319590327,2.4364851844362234,0.52,0.48,0.1525925749699644,1.0015532108617642,7.858575826795114,6.605136624838748,0.5042487627229433,1,0.14449837803840637
2022,STL,2.279951239333604,2.8078829744006497,0.45,0.46,0.05778138967899211,1.1548825869369947,5.828775570960746,8.111127796966512,-0.45880174934936013,0,0.0034099954646080732
2022,VAN,2.3109672170886935,2.6640316530328,0.46,0.48,-0.19065775363718143,1.0880696364567333,7.1941226774469405,8.022545351205418,-0.31251356395676894,0,0.0014847379643470049
2022,WPG,2.7181043274618184,2.536041197134331,0.52,0.52,0.2999131234025407,0.8893829905503057,6.764094837839981,6.598311322797142,0.2665796019481853,0,0.41226378083229065
2023,NYR,2.415213553953511,2.4864806902354126,0.49,0.5,0.0366728805450616,1.0204708919899184,8.306551976573939,7.400768022342468,0.6271819028538116,0,0.031119108200073242
2023,TBL,2.4688101353639302,2.4945284561574486,0.5,0.51,-0.3300270067145133,1.0357078340458843,9.152123127662497,6.8656346749226,0.25389490228740497,0,0.0692191794514656
2023,OTT,2.432108335044225,2.5140132485848485,0.49,0.5,-0.3971558698940367,1.0109154056065492,6.178754790657314,8.091280591395382,-0.373873104252304,0,0.0006883331225253642
2023,CHI,2.102037116392524,2.8359923525727657,0.43,0.44,-0.1603487490523124,0.8326864723731564,6.115811527660144,7.142091152815013,-1.3454636058155274,0,0.00017608272901270539
2023,SEA,2.317539254210758,2.2294924263423064,0.51,0.51,0.08701961487665301,0.9117963654783765,6.549846915237177,6.765578635014837,-0.21626167662872076,0,0.02681725099682808
2023,NSH,2.796367040250968,2.485946315176968,0.53,0.51,0.11794469603056155,0.91195309955488,6.626302808497097,6.528473804100228,0.21807755214678504,0,0.2978423535823822
2023,CBJ,2.4235852751125906,2.95271196397102,0.45,0.48,0.07430977090268262,1.0604132581954797,6.446585672392124,7.472041971558746,-0.7712960049277244,0,0.009178183041512966
2023,VAN,2.542053405683278,2.323122023334537,0.52,0.51,0.23662127995564933,1.1122345803842266,7.6024387249887475,6.2718944668376695,0.70094163855179,0,0.21090130507946014
2023,MIN,2.325741449665559,2.240175003155105,0.51,0.5,-0.22837911741197278,1.0353584684508694,9.508028357922974,8.29543808834178,-0.1444564824846515,0,0.0017699894960969687
2023,NYI,2.4993867406881414,2.5020011619650115,0.5,0.47,0.2071202633787359,0.9646675964667596,6.041329573297582,8.083178834494163,-0.15652906825068733,0,0.002376735908910632
2023,PIT,2.809470536616608,2.6462772040873195,0.52,0.51,0.0711163605058827,0.9539035438316014,7.500183576061681,6.226543425183118,0.06034416287560051,0,0.21657803654670715
2023,COL,2.821199062523626,2.5878884100703106,0.52,0.53,0.04762984803810396,1.0504877264444206,8.177174413253566,8.487781115531378,0.6036946110194389,0,0.2176303267478943
2023,WPG,2.5317054477578114,2.397903472373881,0.51,0.51,0.6029989245406635,1.048807640475772,5.3852550117317755,7.885634458672875,0.7392222009028205,0,0.08813653141260147
2023,DET,2.1888427032745508,2.5768907178021943,0.46,0.46,-0.27199346922455353,1.2261953692286616,7.805284456081885,9.624365482233502,0.024094288984224933,0,0.004973009694367647
2023,CAR,2.793344805903961,2.1978025614720194,0.56,0.6,0.02352980110533824,0.9009969611345098,9.269547416670376,5.638659190835384,0.7963480604098377,0,0.07111542671918869
2023,NJD,2.8074803248387936,2.610268719629998,0.52,0.52,-0.17478066690642088,0.9491125529519009,7.115493695187398,6.230589051791446,-0.20608975006566585,0,0.002052874071523547
2023,WSH,2.3311918781725893,2.5835208121827415,0.47,0.47,0.025145177664974604,0.8967766210961996,6.9561238223418576,8.035325234231408,-0.43274865517345007,0,0.0008185562328435481
2023,ANA,2.2394693371876935,2.5491947140202353,0.47,0.46,-0.14541606442287816,0.878224189198534,5.808098833218942,8.382781046763704,-1.0905455757171851,0,0.00040779251139611006
2023,BUF,2.499075542012395,2.695793613210072,0.48,0.51,0.33873458378801286,1.0380828093486771,6.141529664045747,6.813250626897189,0.012100636964084636,0,0.006672514136880636
2023,STL,2.2162111053101095,2.786728221234682,0.44,0.45,0.3152273558805032,1.008347245409015,5.7543211948313475,7.0824181071530905,-0.16876111261790677,0,0.001715741353109479
2023,PHI,2.5269941034631183,2.3408958891400915,0.52,0.52,-0.36708136050782936,0.9763648270524499,5.084487479661892,6.106817882104708,-0.3255060077960698,0,0.004260870162397623
2023,TOR,2.72273714315979,2.6018830488932707,0.51,0.51,0.10853401669566076,1.0773540185304893,8.967045191193511,7.421766575636835,0.4443643787906083,0,0.022227048873901367
2023,ARI,2.4467815731745532,2.6062300219366965,0.48,0.49,0.018953306173613148,1.0574203860813969,7.2284943898408285,8.014776505356483,-0.2417389085488279,0,0.0018369638128206134
2023,BOS,2.518953053593685,2.5252347320315747,0.5,0.47,0.506123805567096,1.0450065312908206,7.452415427142292,6.088278328727037,0.5037296650797405,0,0.22596777975559235
2023,EDM,3.2122885743872973,2.3103210217466343,0.58,0.55,0.04689580354060833,0.8934328083264254,8.434623178616231,6.084147257700977,0.6761787848906241,1,0.44557175040245056
2023,FLA,2.662996250480016,2.2696979241725384,0.54,0.56,0.40572481371055785,0.9041063929071396,11.8895018852947,6.1826448335878945,0.808771753344734,1,0.1836809366941452
2023,SJS,2.1646766433532134,3.070868266043158,0.41,0.44,-0.254875591182037,0.8089734874235215,5.92949831409012,8.856321120420159,-1.762522257879541,0,0.00037305179284885526
2023,DAL,2.660207533574601,2.2447332961526087,0.54,0.53,-0.11475002747845503,1.0687527545174085,8.95337642690139,6.6746411483253585,0.7466705918167311,0,0.2773893475532532
2023,MTL,2.3528739629390434,2.705797605444881,0.47,0.46,0.23175517909483848,1.0134921137644897,6.150114883839673,8.144917340837145,-0.5864615159564742,0,0.0019365452462807298
2023,VGK,2.6018526470768664,2.4462302926200845,0.52,0.49,0.0463775228513589,0.9959257582616569,5.876464061151522,7.768692995046067,0.2411939098537762,0,0.1283845603466034
2023,CGY,2.4747415902395176,2.5067993808152598,0.5,0.51,-0.21961084571980222,1.0108958837772397,6.661981371718882,7.44074445762248,-0.16927975494740236,0,0.001640184549614787
2023,LAK,2.731217336307047,2.2791351819180456,0.55,0.54,0.13706268100262983,0.9049525585476882,7.5354189753644185,6.849154380749608,0.530516416200846,0,0.89512038230896
2024,VGK,2.685620762216507,2.4175356558335284,0.53,0.51,0.24311433247603478,0.9611366485582951,9.39403089072117,6.328249086096055,0.7246717170022746,0,0.33453333377838135
2024,TOR,2.3768444110806186,2.3944178490997916,0.5,0.47,0.3860249326228477,1.0500155327741536,8.710544657970726,8.741028128031036,0.4596233641876795,0,0.00983609538525343
2024,MIN,2.2101112429070624,2.2828198634308983,0.49,0.48,0.14772545122303093,0.9203655352480419,7.864993081636687,7.64949875351403,-0.13262599469496023,0,0.0009265989065170288
2024,PHI,2.55406381987827,2.2772808299474856,0.53,0.48,-0.5411360387994025,0.9393922245486955,5.461649782923299,7.151682999573923,-0.6125819528552124,0,0.042799245566129684
2024,BUF,2.3867643567325754,2.6478284231440483,0.47,0.5,-0.11126337580546385,1.162279323993215,7.616618675442205,7.667629536017331,-0.2654804962339983,0,0.0005234924028627574
2024,CGY,2.346886006881528,2.429708654844555,0.49,0.52,0.348148298959627,0.8744534665833854,6.5863474944101,6.843197755960729,-0.1919238701981547,0,0.006380912847816944
2024,SJS,2.2185347758887173,2.8584853168469864,0.44,0.46,-0.16840803709428123,0.9563937934724451,6.31748271482997,8.825453162631513,-1.2305836223797315,0,0.00018922350136563182
2024,CBJ,2.5472110261848018,2.718237847602147,0.48,0.49,0.1542679117809725,1.1302929764381713,5.981879309362357,6.982666929288951,0.0,0,0.005048081278800964
2024,MTL,2.495102692172183,2.8144328614950984,0.47,0.48,0.09863422519740543,0.9449195622271395,5.937842117168062,7.614027771986155,-0.2167854860778889,0,0.0016940046334639192
2024,UTA,2.738029832142945,2.401495707221871,0.53,0.53,0.17269514305160336,0.8517520215633423,7.542966437451614,7.212847310731583,-0.08409727251187206,0,0.04812737554311752
2024,NYR,2.5301783011554506,2.725829672560818,0.48,0.49,0.1860533796005758,1.050481470674059,8.258511017251031,7.378360882137155,0.0,0,0.007553276140242815
2024,FLA,2.6901954932099685,2.22533950156693,0.55,0.56,0.15102223548724078,0.8487269096355466,9.43514394600303,7.008293321693584,0.2774798927613941,1,0.6503596305847168
2024,TBL,2.5755915136110867,2.4418361812868814,0.51,0.5,0.34371332129934684,1.0522147423205295,7.901021135122298,7.098591549295774,0.9182594687117182,0,0.4718765616416931
2024,BOS,2.2790638566515127,2.4323985291284225,0.48,0.48,-0.002656423584778138,0.9907401411642816,6.95914981390969,7.459606739021844,-0.5910795243217161,0,0.0004009992990177125
2024,PIT,2.578724639083017,2.663313423451745,0.49,0.51,-0.16598553913863562,0.88336240364598,8.76287124103901,8.036288182213,-0.5418912002890086,0,0.0006268196739256382
2024,EDM,2.757721445221445,2.3002622377622375,0.55,0.54,-0.19099650349650368,0.8875270748586824,7.629362689440686,6.957060920787474,0.2903967411032387,1,0.07884009927511215
2024,COL,2.518320235756385,2.231434184675835,0.53,0.54,-0.05245579567779964,0.9654203967000176,6.755379805039544,6.1148981561436475,0.507232763479241,0,0.9221262335777283
2024,WSH,2.7088235294117644,2.5123529411764705,0.52,0.51,0.1594117647058824,1.0314875135722041,7.364394789481388,6.682168446667568,0.6873588937943417,0,0.14590230584144592
2024,VAN,2.175159040486376,2.2701788362771658,0.49,0.49,-0.11267053185099832,1.027860427373546,7.069985029940119,7.015490838275649,-0.21598488105832592,0,0.0004271504585631192
2024,CAR,3.0248000066733955,2.4201403081440453,0.56,0.59,-0.08738811635065348,0.8736659220650286,7.171971252566736,5.655292026189134,0.4363342535856171,0,0.046078871935606
2024,WPG,2.552468776938035,2.2724535412866107,0.53,0.5,0.5548343122907603,0.9613209681067632,8.832204978648058,6.925803108808291,1.0282430820410289,0,0.47801142930984497
2024,NSH,2.4952389653210636,2.528726085819052,0.5,0.51,-0.31169931356386177,0.7788628602240729,6.949833742952147,7.038059605212231,-0.7507492356282984,0,0.0016317554982379079
2024,STL,2.235365722673732,2.2753213275571946,0.5,0.48,0.17013354337474484,1.1211480556089435,6.786869181773641,8.00503007107709,0.22885209262487327,0,0.00728228036314249
2024,ANA,2.377389256273213,2.8971003631751886,0.45,0.46,0.46605011982310646,0.9789250529991271,6.181331906926986,7.8467104381615975,-0.529135878352196,0,0.003039554227143526
2024,NJD,2.536359622585973,2.375942308635717,0.52,0.51,0.13893022419178125,0.8645700359753975,10.27629369561899,7.576993768772136,0.24176650727985816,0,0.052688416093587875
2024,DET,2.364951916717108,2.5834372231553377,0.48,0.48,0.24561558227071761,0.8725896997803271,8.573265020959479,9.200161746866154,-0.2895083384432895,0,0.015812527388334274
2024,NYI,2.5365485514256925,2.5355369379423296,0.5,0.5,0.2088259262084163,0.9229717411121239,5.078458552813973,7.9063171964898,-0.4218533423507275,0,0.004832310136407614
2024,SEA,2.2621915393654524,2.6402761457109283,0.46,0.48,-0.062426556991774386,1.0908382572560225,6.795867539894844,8.003190519598906,-0.20569700025207968,0,0.0007614052738063037
2024,OTT,2.4016570817510505,2.4175711290553457,0.5,0.5,0.038042151175029126,0.8835037233371197,6.623106670963584,8.728689360912718,0.12107555450922361,0,0.07250668108463287
2024,LAK,2.620072329771392,2.1244824821221098,0.55,0.53,0.28350979397470094,1.0005621135469365,6.1767922235722965,5.937677053824363,0.5560760373538034,0,0.7468852996826172
2024,DAL,2.6440240222839377,2.63955399012454,0.5,0.5,0.3151372672375616,1.0256410256410258,7.57624004898959,6.167578947368421,0.6410041053826876,0,0.23835031688213348
2024,CHI,2.0856039210830115,2.754297173033367,0.43,0.44,-0.22246633564886015,1.0411638971247328,6.392523364485982,6.923324973127912,-0.821835028703797,0,0.0003729306918103248
2025,NYR,2.2585501208368255,2.398134962935236,0.48,0.49,0.11322044380070452,0.9987029831387809,8.75699777062175,7.578865779615037,-0.16883799926970866,0,0.0008447152213193476
2025,LAK,2.42316200914714,2.202953680011283,0.52,0.52,0.17204682368585436,0.9099616858237548,6.269471290505969,7.826597678646343,-0.2148021201764825,0,0.07784655690193176
2025,NYI,2.48082909265284,2.6912605465827215,0.48,0.49,0.3250228397332816,0.8758248350329935,6.593949044585987,7.710706829704743,-0.08420039694472845,0,0.004267912358045578
2025,MTL,2.406324940047962,2.6185551558753,0.48,0.49,0.20548561151079148,1.146060417315478,7.76794133053955,7.875,0.3355157389501153,0,0.018064679577946663
2025,NJD,2.453460236818624,2.4983159028609556,0.5,0.51,-0.14961535060571232,0.8020759613116301,8.246078129806214,6.689887195725312,-0.32568487642738436,0,0.001635613851249218
2025,TOR,2.2433091796234934,2.674871645486655,0.46,0.45,-0.34009394457998027,1.1102454226723801,7.0393554384877595,7.933755914650477,-0.5163166742268592,0,0.0007042522192932665
2025,OTT,2.664704550599955,2.1239151762131163,0.56,0.53,-0.3362765074334013,1.0138770886434436,6.930078217587106,6.092759668132565,0.3623954338175339,0,0.2911333739757538
2025,BOS,2.3918432128567453,2.666162545755205,0.47,0.49,0.4375049338756788,1.138140203864674,7.852567975830816,6.692271808427928,0.2523945768551502,0,0.2680835425853729
2025,EDM,2.6375211575650606,2.466443398236635,0.52,0.5,-0.25459033727470465,0.9603248641826264,9.539183194819762,8.893028671226896,0.20521143148385973,0,0.026786580681800842
2025,TBL,2.674450618631121,2.2781405811942856,0.54,0.53,-0.018433024997062116,1.1016326761199933,7.112262228260869,7.24498670156626,0.6879949573858873,0,0.28351059556007385
2025,UTA,2.635160993712671,2.389731525277711,0.52,0.53,-0.040706102601910064,1.0467945453516665,7.844377233984052,7.875048074868595,0.3395917487290576,0,0.3123954236507416
2025,DET,2.3782259155553183,2.49659113736712,0.49,0.49,-0.012397354902981729,0.8812212982499691,8.179119624508434,7.999390243902439,-0.1807622140023767,0,0.0014064059359952807
2025,BUF,2.546840541597663,2.551484233915598,0.5,0.49,0.21465842230969617,1.1351605693447828,6.161001788908766,7.4110888199890566,0.5193201870626203,0,0.14170463383197784
2025,VGK,2.5171828375350027,2.110930465732193,0.54,0.52,-0.36253530241234827,0.9940585009140769,8.262546073149986,6.308402585410895,0.2631753837974347,1,0.017350517213344574
2025,COL,3.032344812131172,2.301187719429297,0.57,0.57,0.38888473892582354,1.0641966793122137,7.19741358665283,6.430636967565455,1.2156957149735195,0,0.33048194646835327
2025,SEA,2.1319167347723664,2.50617758761598,0.46,0.45,0.19859622133551286,1.0350426194019755,7.286961583236321,8.069910250354274,-0.39671541012292166,0,0.0007883939542807639
2025,WSH,2.62122907817057,2.6230263896920856,0.5,0.49,0.421319775835313,1.022798697217302,6.890141837723549,7.348475341950056,0.27720770155309965,0,0.05287376046180725
2025,VAN,2.2226364716799893,2.8103479152760364,0.44,0.46,-0.2666753496247332,0.8636034016744677,7.968727923515282,8.332820945108345,-1.2499540949016963,0,0.0003899509320035577
2025,PIT,2.6557377049180326,2.548981003132246,0.51,0.5,0.0008786559817760574,1.108354011579818,7.794052863436123,6.160814794961136,0.38372883162565125,0,0.05950788035988808
2025,FLA,2.480733882928602,2.5561842144182134,0.49,0.52,-0.19714441453737244,0.9933774834437086,8.328119961302805,6.195408690126301,-0.337843499361516,0,0.00028511942946352065
2025,WPG,2.3401792243526978,2.554356044173969,0.48,0.49,-0.0038670814689950434,0.9914834117198423,7.211801710007531,7.923402579501821,-0.3255398032694646,0,0.0005771676660515368
2025,SJS,2.3250040450221334,2.563075378468866,0.48,0.47,-0.2746632259777543,1.0470867861501896,7.404435233160621,7.946608826228414,-0.4940999246798895,0,0.0005331886932253838
2025,NSH,2.4833855617696123,2.5809982323744554,0.49,0.5,-0.1163900698356978,0.9061449831973116,6.389309896417201,7.107302724133522,-0.3006664773581439,0,0.0012160538462921977
2025,DAL,2.359048317579094,2.2860651211854,0.51,0.47,0.2389754662403272,1.0689806954662642,8.800749866095341,7.373529173090968,0.6119796006799774,0,0.19166159629821777
2025,STL,2.338795864585445,2.404475978106629,0.49,0.48,-0.13515507804581378,1.0234648027958062,5.334706295342851,6.8659353184214265,-0.2893386735965065,0,0.003163704415783286
2025,CGY,2.358611968609365,2.6612117380146536,0.47,0.49,0.0428459850485364,0.9082881291787562,5.912499424943645,7.207729468599034,-0.5788808972653908,0,0.001779690501280129
2025,CAR,2.976863942325376,2.3100746680398716,0.56,0.6,-0.043991613638871656,0.9143478475757425,7.6757302031271495,6.917211529606777,0.660409453861394,1,0.6769257187843323
2025,MIN,2.5501629668066617,2.4018874961487944,0.52,0.48,0.09602879891031169,0.9557056197779558,7.253821602553334,7.265777777777777,0.39522272863368707,0,0.1984483152627945
2025,CHI,2.168816399449161,2.941628448429158,0.42,0.46,-0.006103890196143249,1.0365183964854474,6.8053636733035345,7.431258595448295,-0.7217200995706433,0,0.0003681196249090135
2025,PHI,2.260775835670803,2.204333606888696,0.51,0.48,0.014257542166313478,1.046745985306547,7.0903488008574875,7.146846656823455,0.011934558835717483,0,0.005643594078719616
2025,ANA,2.7964140233445582,2.5881815577157044,0.52,0.52,-0.2520315413138894,0.914096327577912,7.467388668875778,7.911066699975018,-0.27542069846423023,0,0.0025442857295274734
2025,CBJ,2.6307553197902225,2.4298028814274515,0.52,0.51,0.08608113810356244,0.9568851737791465,6.9164855634896005,8.642420281058873,-0.059971413626171526,0,0.03122592344880104
