chart,rank,track,artists,remixers,mix,genre,bpm,key,key_letter,key_chord,length_ms,length,label,release_date,is_dj_edit,is_ugc_remix,explicit
main,1,Just A Little Bit More,Mau P,,Extended,Dance / Pop,128,Gb Major,G,Major,381221,6:21,"Generation Rebrand B.V., under exclusive license to Interscope Records",2026-09-04,False,False,False
main,2,How Ya Feelin',L.P. Rhythm,,Extended Mix,Dance / Pop,132,B Major,B,Major,339090,5:39,Lost Property,2026-09-04,False,False,False
main,3,1997,Beave,,Original Mix,House,132,Eb Minor,E,Minor,363636,6:03,Staff Only,2026-08-27,False,False,False
main,4,Movin' To The Sun,Ultra Nate; HUGEL; Imael Angel,,Extended Mix,Dance / Pop,125,F Minor,F,Minor,353760,5:53,Make The Girls Dance Records,2026-05-22,False,False,False
main,5,Sun is Shining (Lovelee Dae),Tommy Phillips,,Extended Mix,House,130,G Minor,G,Minor,340615,5:40,Safelight Records.,2026-08-19,False,False,False
main,6,Gotta Be Cool,Rafael,LUCH,Luch Remix,Tech House,124,Db Major,D,Major,418064,6:58,Crosstown Rebels,2026-09-11,False,False,False
main,7,She Can Love U,Rafael; Toni B,,Original Mix,Indie Dance,125,G Major,G,Major,334080,5:34,tszr,2026-08-14,False,False,False
main,8,Free Your Mind,Sybil; Cloonee; Prospa,,Extended Mix,House,128,B Minor,B,Minor,304380,5:04,CircoLoco Records,2026-03-27,False,False,False
main,9,"1,2,3",Volkoder; James Hype,,Extended,Tech House,127,Db Minor,D,Minor,302864,5:02,Tomorrowland Music / SoundOn,2026-09-04,False,False,False
main,10,HOLD DA PHONE,Interplanetary Criminal; Silva Bumpa,,Extended,UK Garage / Bassline,135,C Minor,C,Minor,284665,4:44,Room Two Recordings,2026-08-28,False,False,True
main,11,Want To Know,Rooléh,,Extended Mix,House,129,F Major,F,Major,381500,6:21,No Art,2026-08-14,False,False,False
main,12,Not A Problem,Nafe Smallz; Max Dean; Luke Dean,,Original Mix,Dance / Pop,132,F Minor,F,Minor,247272,4:07,Interscope Records,2026-09-10,False,False,False
main,13,Get Up and Dance ,Cloonee,,Extended Mix,Tech House,130,Bb Major,B,Major,244251,4:04,Hellbent Records,2026-09-09,False,False,False
main,14,Feel This Grip (feat. Baby Tate),Michael Bibi; Baby Tate,,Extended Mix,Tech House,130,Eb Minor,E,Minor,310961,5:10,Warner Records,2026-09-11,False,False,True
main,15,Talk To You ,ANOTR; 54 Ultra,,Extended Mix,House,132,G Minor,G,Minor,306779,5:06,NO ART,2026-03-06,False,False,False
main,16,Legacy (Assanssan),Rooléh,,Original Mix,House,128,G Minor,G,Minor,371093,6:11,tszr,2026-09-11,False,False,False
main,17,Funky Feeling,Simes,,Extended Mix,House,129,Bb Minor,B,Minor,316288,5:16,LTF Records,2026-09-04,False,False,False
main,18,Shinjuku,Franky Rizardo,,Extended Mix,House,129,Ab Minor,A,Minor,353173,5:53,LTF Records,2026-03-20,False,False,False
main,19,Misery,Rossi.,,Original Mix,Minimal / Deep Tech,131,D Minor,D,Minor,279923,4:39,ROSSI.HOME//GRXWN.,2026-09-11,False,False,False
main,20,Good Girl ,Tristan Henry; Cloonee; Prospa,,Extended Mix,House,128,E Minor,E,Minor,270053,4:30,Hellbent Records,2026-07-24,False,False,False
main,21,Hey Everybody,Kolter,,Extended Mix,House,132,A Minor,A,Minor,455577,7:35,Positiva,2026-07-17,False,False,False
main,22,Reason Why,Sapian,,Extended Mix,Tech House,130,E Minor,E,Minor,325625,5:25,Prophecy,2026-08-14,False,False,False
main,23,4Get The Girl,Route 94; Mellizos,,Mellizos Extended Remix,House,130,Gb Minor,G,Minor,328677,5:28,Defected,2026-08-07,False,False,False
main,24,Beat Goes On,Rafael; Adam Ten,,Extended Mix,Tech House,124,A Major,A,Major,309677,5:09,Maccabi House,2026-07-24,False,False,False
main,25,Landlords Nightmare,CamelPhat,,Original Mix,Tech House,130,Bb Major,B,Major,295487,4:55,Diynamic,2026-09-09,False,False,False
main,26,MYSTERY OF RAW,Wu-Tang Clan; Michael Bibi; Kettama,,Extended Mix,Tech House,130,Ab Major,A,Major,302950,5:02,CircoLoco Records,2026-08-14,False,False,True
main,27,Jamaican (Bam Bam),HUGEL; SOLTO (FR),,Extended Mix,Afro House,122,A Major,A,Major,300656,5:00,MoBlack Records,2025-11-07,False,False,False
main,28,Trapped,Kolter,,Original Mix,Deep House,130,Eb Minor,E,Minor,384344,6:24,Koltrax,2026-04-10,False,False,False
main,29,Echoes From The 90s,Atlantic Ocean; Desmond; Summum,,Extended Mix,House,131,G Minor,G,Minor,309618,5:09,LTF Records,2026-08-21,False,False,False
main,30,There's A Party Goin' On,HARTY (UK),,Extended Mix,Tech House,128,Db Minor,D,Minor,349088,5:49,Prophecy,2026-09-11,False,False,False
main,31,On 2nite,Silva Bumpa,,Extended Mix,UK Garage / Bassline,136,Ab Minor,A,Minor,270025,4:30,Room Two Recordings,2026-05-29,False,False,False
main,32,So Good (feat. Kuuda),CamelPhat; Josh Gigante; Kuuda,Sapian,Sapian Extended Remix,Dance / Pop,128,Gb Minor,G,Minor,333530,5:33,When Stars Align,2026-08-28,False,False,False
main,33,FRICTION,Tiga,Brunello,Brunello Remix,Tech House,125,C Minor,C,Minor,355278,5:55,Turbo Recordings,2026-09-11,False,False,False
main,34,Love Forever (feat. Kuuda),Max Styler; Kuuda,,Extended Mix,Dance / Pop,126,G Major,G,Major,321904,5:21,Nu Moda,2026-08-07,False,False,False
main,35,Somebody That I Used To Know,David Guetta; Gotye; Kimbra; ARTBAT,,ARTBAT x David Guetta Mix Extended Version,Mainstage,127,F Major,F,Major,336377,5:36,Universal Music Australia Pty. Ltd.,2026-09-04,False,False,False
main,36,Friction,Riordan; Locky (UK),,Extended Mix,Tech House,132,D Minor,D,Minor,321931,5:21,Safelight Records.,2026-08-28,False,False,False
main,37,Little More (Body Action) ,Sean Doron,,Original Mix,House,130,D Major,D,Major,319394,5:19,You&Me Records,2026-07-31,False,False,False
main,38,4Get The Girl,Route 94; Samm (BE),,Samm Extended Remix,Tech House,122,Gb Minor,G,Minor,350188,5:50,Defected,2026-09-04,False,False,False
main,39,Stay Sexy,Mili; HUGEL; LaBritney,,Extended Mix,Tech House,124,Db Major,D,Major,348870,5:48,Make The Girls Dance Records,2026-06-26,False,False,True
main,40,Broken Love,Julian Fijma,,Extended Mix,House,132,A Minor,A,Minor,296378,4:56,Fijma Trax,2026-09-09,False,False,False
main,41,Long Jacket,Chris Lake; Chris Lorenzo; Cake; KENNY BEATS,,Extended Mix,Dance / Pop,134,G Major,G,Major,273159,4:33,Long Jacket Music,2026-08-28,False,False,False
main,42,Ooo La La ,RSquared,,Original Mix,Tech House,128,C Minor,C,Minor,375203,6:15,RWorks,2026-09-10,False,False,False
main,43,Another Night,RUZE; Ranger Trucco; Chesster,,Ranger Trucco Extended Remix,House,130,C Major,C,Major,386011,6:26,Defected,2026-08-28,False,False,False
main,44,Baby Do You Wanna Bump,JØRD,,Original Mix,Indie Dance,124,F Major,F,Major,398709,6:38,AFFAIRS,2026-08-21,False,False,False
main,45,Breaking Point ,Josh Baker,,Original Mix,Minimal / Deep Tech,132,Gb Minor,G,Minor,307598,5:07,You&Me Records,2026-08-28,False,False,False
main,46,Body Shake,Max Styler,,Extended Mix,Tech House,128,E Major,E,Major,301874,5:01,Nu Moda,2026-08-07,False,False,False
main,47,Never Leave U,Sonny Kane,,Extended Mix,Tech House,128,B Minor,B,Minor,360675,6:00,Boat Club Records,2026-07-10,False,False,False
main,48,Bring That Beat Back ,AMMIL,,Extended Mix,Tech House,130,Eb Minor,E,Minor,347076,5:47,range.,2026-08-20,False,False,False
main,49,Dead Orbit,Benny L; Simula,,Original Mix,Drum & Bass,87,G Minor,G,Minor,296228,4:56,Dance Macabre,2026-09-11,False,False,False
main,50,I Never Knew,Adam Ten,,Extended Mix,Tech House,125,D Minor,D,Minor,299683,4:59,Defected,2026-06-05,False,False,False
main,51,My Life Is A Disco (In The Mix),MIXMASTERS; Mellizos,,Extended Mix,House,130,Bb Minor,B,Minor,329625,5:29,LTF Records,2026-05-08,False,False,False
main,52,My Place,Josh Baker; Poppy Baskcomb,,Original Mix,House,128,E Minor,E,Minor,333281,5:33,Baker's Dozen,2026-07-03,False,False,False
main,53,Paradise,CASSIMM,,Extended Mix,House,128,C Minor,C,Minor,332111,5:32,Toolroom,2026-09-04,False,False,False
main,54,Feel The Same ,Jeff Sorkowitz,,Original Mix,Minimal / Deep Tech,129,C Major,C,Major,327616,5:27,Short Circuit,2026-09-04,False,False,False
main,55,Whisper To Me,Jimi Jules; Modern Tales,,Original Mix,Melodic House & Techno,125,G Minor,G,Minor,373038,6:13,Innervisions,2026-07-24,False,False,False
main,56,Can You Feel The Bass ,The Base Boys; Local Dub,,Local Dub Remix,Minimal / Deep Tech,130,D Minor,D,Minor,385861,6:25,You&Me Records,2026-09-11,False,False,True
main,57,La La Land,Green Velvet; Meduza; GENESI (ITA); ESSENTIA (IT),,Extended Mix,Tech House,128,A Major,A,Major,331879,5:31,Broke,2026-05-15,False,False,False
main,58,Keep Up,Adam Beyer; Argy; Alok,,Extended Mix,Melodic House & Techno,132,D Minor,D,Minor,241818,4:01,RAVE THE WORLD,2026-09-04,False,False,False
main,59,Gotta Be Cool,Rafael,,Original Mix,Dance / Pop,124,Db Minor,D,Minor,354314,5:54,Crosstown Rebels,2026-06-26,False,False,False
main,60,Jungle Daze (feat. Natalie Williams),Goldie; Natalie Williams,Break,Break Remix,Drum & Bass,86,D Minor,D,Minor,269781,4:29,Goldie Inc Ltd.,2026-09-04,False,False,False
main,61,Disco Jungle ,Crewcutz,,Extended Mix,Minimal / Deep Tech,130,E Major,E,Major,384590,6:24,Solid Grooves Raw,2026-09-11,False,False,False
main,62,Love Is The Dance,Âme; RY X,Ivory (IT),Ivory Remix,Melodic House & Techno,126,D Minor,D,Minor,336289,5:36,Innervisions,2026-09-04,False,False,False
main,63,Come To Life,Cassian; AR/CO,,Original Mix,Melodic House & Techno,130,D Major,D,Major,273403,4:33,tszr / Helix Records,2026-07-10,False,False,False
main,64,Wicked Weekend,CamelPhat,,Original Mix,Tech House,130,Bb Major,B,Major,271567,4:31,Diynamic,2026-09-09,False,False,False
main,65,Control,G-Pol; SIDEPIECE,,Extended Mix,Bass House,130,F Major,F,Major,214944,3:34,LIP SERVICE,2026-07-28,False,False,False
main,66,Can't Stop,Kyle Icardi,,Original Mix,House,130,G Minor,G,Minor,310153,5:10,Nervous Records,2026-09-04,False,False,False
main,67,Ghost Dance,Brunello,,Original Mix,Melodic House & Techno,125,C Minor,C,Minor,372480,6:12,Mellow Circus Records,2025-12-26,False,False,False
main,68,All I Want,KIMONOS; Amour Propre,,Extended Mix,Tech House,128,G Major,G,Major,273750,4:33,Nu Moda,2026-09-11,False,False,False
main,69,Nothing Like It Was,Lloyd Barwood,,Original Mix,Progressive House,125,F Minor,F,Minor,436213,7:16,Last Night On Earth,2026-09-11,False,False,False
main,70,The Clock ,Kirk,,Original Mix,Hard Dance / Hardcore / Neo Rave,155,Eb Major,E,Major,294193,4:54,ELEKTRA Music,2026-08-28,False,False,False
main,71,Shine,David Guetta; French Montana; HUGEL; Aidan Martin,,Extended Mix,Funky House,125,Bb Minor,B,Minor,292131,4:52,Make The Girls Dance Records,2026-06-26,False,False,False
main,72,wtf,Roland Clark; DvirNuns; Broken Hill,,Extended Mix,Tech House,127,D Minor,D,Minor,278407,4:38,THRIVE MUSIC,2026-06-26,False,False,True
main,73,Breather,S.A.M.; CHRIS STASSY,,Original Mix,Deep House,125,E Minor,E,Minor,465322,7:45,Up The Stuss,2021-06-04,False,False,False
main,74,Da Fonk (feat. Joni),Joni; Mochakk,Marco Carola,Marco Carola Bass Mix,House,127,C Major,C,Major,366193,6:06,Nervous Records,2026-08-28,False,False,False
main,75,Music Sounds Better With You,Stardust,,Original Mix,House,124,D Minor,D,Minor,403293,6:43,Because Music,2019-06-28,False,False,False
main,76,Play Right,Crazibiza; Dj Effendi,Balearix,Balearix Remix,Funky House,126,Gb Minor,G,Minor,295357,4:55,PornoStar Records,2026-06-19,False,False,False
main,77,Groovejet (If This Ain’t Love),Spiller; Sophie Ellis-Bextor; William Kiss; Jordan Brando; Luke Alessi; not without friends,,not without friends Extended Remix,House,130,A Major,A,Major,385156,6:25,Defected,2026-04-24,False,False,False
main,78,Upside Down ,BELLEKOM; Ennio (NL),,Extended Mix,Tech House,130,G Minor,G,Minor,358384,5:58,Criterio Music,2026-08-14,False,False,False
main,79,Panteras ,Reboot; Carloh,,Original Mix,House,130,A Minor,A,Minor,376375,6:16,Cecille,2026-07-17,False,False,False
main,80,Absolute Scorcher,Desmond; Summum,,Extended Mix,House,131,Db Major,D,Major,331603,5:31,LTF Records,2026-06-26,False,False,False
main,81,Pump up the Jam,Lizwi; Aaron Sevilla; Brøder; SENATVS,,Original Mix,Afro House,125,C Major,C,Major,286080,4:46,AFRODISE,2026-06-19,False,False,False
main,82,Can I Ride,95 South; SIDEPIECE,,Extended Mix,Tech House,132,Gb Major,G,Major,234570,3:54,LIP SERVICE,2026-07-10,False,False,False
main,83,Edge of Desire,Jonas Blue; Malive,,Extended Mix,House,123,G Major,G,Major,252736,4:12,Defected,2025-07-18,False,False,False
main,84,Tell Me How You Want It,Magdalena (DE),,Original Mix,Bass House,130,Db Minor,D,Minor,273283,4:33,Diynamic,2026-08-28,False,False,False
main,85,So Good (feat. Kuuda),CamelPhat; Josh Gigante; Kuuda,,Original Mix,Dance / Pop,126,B Major,B,Major,280000,4:40,When Stars Align,2026-05-22,False,False,False
main,86,Back To Funk,Bushbaby; Danny P (IRL),,Extended Mix,UK Garage / Bassline,135,E Minor,E,Minor,332423,5:32,Insomniac Records,2026-07-31,False,False,False
main,87,Control Delete,Sam WOLFE,,Original Mix,Techno (Peak Time / Driving),131,F Major,F,Major,260152,4:20,Drumcode,2026-09-11,False,False,False
main,88,Keep Up,Funkerman; Sama (US),,Extended Mix,House,125,F Major,F,Major,327480,5:27,GOTTA MOVE,2026-08-21,False,False,False
main,89,What We Got,Midas Field; Marijn Jansen,,Original Mix,Deep House,128,E Minor,E,Minor,377875,6:17,tszr,2026-08-07,False,False,False
main,90,Work It,SEBS,,extended mix,Minimal / Deep Tech,130,E Minor,E,Minor,356192,5:56,Atlantic Records UK,2026-06-08,False,False,False
main,91,Sweat Drip,Avangart Tabldot,,Original Mix,Indie Dance,120,G Major,G,Major,258386,4:18,Exit Strategy,2026-09-11,False,False,False
main,92,All Night Long,Ferra Black; Chico Rose (NL),,Extended Mix,House,129,Gb Major,G,Major,372093,6:12,LTF Records,2026-08-07,False,False,False
main,93,Magnetic,The Bausa,,Extended,Dance / Pop,130,G Major,G,Major,299076,4:59,Columbia/B1 Recordings,2026-02-27,False,False,False
main,94,In Da Zone ,Tini Gessler,,Extended Mix,Bass House,128,Ab Major,A,Major,345468,5:45,Catch & Release,2026-09-04,False,False,True
main,95,The 11th Hour,Celia Babini; Brunello,,Original Mix,Melodic House & Techno,125,G Minor,G,Minor,433920,7:13,Mellow Circus Records,2026-07-24,False,False,False
main,96,Here In My Arms (Enjoy The Silence),Armin van Buuren; Silver Panda,,Extended Mix,Melodic House & Techno,132,C Minor,C,Minor,310000,5:10,Armada Music,2026-07-10,False,False,False
main,97,Computer Controlled (this is s.e.x),Avangart Tabldot,,Original Mix,Indie Dance,124,B Minor,B,Minor,311605,5:11,Exit Strategy,2026-09-11,False,False,False
main,98,Waiting for You,Volkoder; Korolova,,Original Mix,Melodic House & Techno,128,G Major,G,Major,348750,5:48,Drumcode,2026-08-28,False,False,False
main,99,One 25,Tatan Bilbao,,Extended Mix,House,129,F Minor,F,Minor,360930,6:00,LTF Records,2026-08-28,False,False,False
main,100,I Met Her Last Summer,Dam Swindle,,Original Mix,Deep House,123,E Minor,E,Minor,392000,6:32,Freerange Records,2026-09-11,False,False,False
house,1,1997,Beave,,Original Mix,House,132,Eb Minor,E,Minor,363636,6:03,Staff Only,2026-08-27,False,False,False
house,2,Sun is Shining (Lovelee Dae),Tommy Phillips,,Extended Mix,House,130,G Minor,G,Minor,340615,5:40,Safelight Records.,2026-08-19,False,False,False
house,3,Free Your Mind,Sybil; Cloonee; Prospa,,Extended Mix,House,128,B Minor,B,Minor,304380,5:04,CircoLoco Records,2026-03-27,False,False,False
house,4,Want To Know,Rooléh,,Extended Mix,House,129,F Major,F,Major,381500,6:21,No Art,2026-08-14,False,False,False
house,5,Talk To You ,ANOTR; 54 Ultra,,Extended Mix,House,132,G Minor,G,Minor,306779,5:06,NO ART,2026-03-06,False,False,False
house,6,Legacy (Assanssan),Rooléh,,Original Mix,House,128,G Minor,G,Minor,371093,6:11,tszr,2026-09-11,False,False,False
house,7,Funky Feeling,Simes,,Extended Mix,House,129,Bb Minor,B,Minor,316288,5:16,LTF Records,2026-09-04,False,False,False
house,8,Shinjuku,Franky Rizardo,,Extended Mix,House,129,Ab Minor,A,Minor,353173,5:53,LTF Records,2026-03-20,False,False,False
house,9,Good Girl ,Tristan Henry; Cloonee; Prospa,,Extended Mix,House,128,E Minor,E,Minor,270053,4:30,Hellbent Records,2026-07-24,False,False,False
house,10,Hey Everybody,Kolter,,Extended Mix,House,132,A Minor,A,Minor,455577,7:35,Positiva,2026-07-17,False,False,False
house,11,4Get The Girl,Route 94; Mellizos,,Mellizos Extended Remix,House,130,Gb Minor,G,Minor,328677,5:28,Defected,2026-08-07,False,False,False
house,12,Echoes From The 90s,Atlantic Ocean; Desmond; Summum,,Extended Mix,House,131,G Minor,G,Minor,309618,5:09,LTF Records,2026-08-21,False,False,False
house,13,Little More (Body Action) ,Sean Doron,,Original Mix,House,130,D Major,D,Major,319394,5:19,You&Me Records,2026-07-31,False,False,False
house,14,Broken Love,Julian Fijma,,Extended Mix,House,132,A Minor,A,Minor,296378,4:56,Fijma Trax,2026-09-09,False,False,False
house,15,Another Night,RUZE; Ranger Trucco; Chesster,,Ranger Trucco Extended Remix,House,130,C Major,C,Major,386011,6:26,Defected,2026-08-28,False,False,False
house,16,My Life Is A Disco (In The Mix),MIXMASTERS; Mellizos,,Extended Mix,House,130,Bb Minor,B,Minor,329625,5:29,LTF Records,2026-05-08,False,False,False
house,17,My Place,Josh Baker; Poppy Baskcomb,,Original Mix,House,128,E Minor,E,Minor,333281,5:33,Baker's Dozen,2026-07-03,False,False,False
house,18,Paradise,CASSIMM,,Extended Mix,House,128,C Minor,C,Minor,332111,5:32,Toolroom,2026-09-04,False,False,False
house,19,Can't Stop,Kyle Icardi,,Original Mix,House,130,G Minor,G,Minor,310153,5:10,Nervous Records,2026-09-04,False,False,False
house,20,Da Fonk (feat. Joni),Joni; Mochakk,Marco Carola,Marco Carola Bass Mix,House,127,C Major,C,Major,366193,6:06,Nervous Records,2026-08-28,False,False,False
house,21,Music Sounds Better With You,Stardust,,Original Mix,House,124,D Minor,D,Minor,403293,6:43,Because Music,2019-06-28,False,False,False
house,22,Groovejet (If This Ain’t Love),Spiller; Sophie Ellis-Bextor; William Kiss; Jordan Brando; Luke Alessi; not without friends,,not without friends Extended Remix,House,130,A Major,A,Major,385156,6:25,Defected,2026-04-24,False,False,False
house,23,Panteras ,Reboot; Carloh,,Original Mix,House,130,A Minor,A,Minor,376375,6:16,Cecille,2026-07-17,False,False,False
house,24,Absolute Scorcher,Desmond; Summum,,Extended Mix,House,131,Db Major,D,Major,331603,5:31,LTF Records,2026-06-26,False,False,False
house,25,Edge of Desire,Jonas Blue; Malive,,Extended Mix,House,123,G Major,G,Major,252736,4:12,Defected,2025-07-18,False,False,False
house,26,Keep Up,Funkerman; Sama (US),,Extended Mix,House,125,F Major,F,Major,327480,5:27,GOTTA MOVE,2026-08-21,False,False,False
house,27,All Night Long,Ferra Black; Chico Rose (NL),,Extended Mix,House,129,Gb Major,G,Major,372093,6:12,LTF Records,2026-08-07,False,False,False
house,28,One 25,Tatan Bilbao,,Extended Mix,House,129,F Minor,F,Minor,360930,6:00,LTF Records,2026-08-28,False,False,False
house,29,Actin' Tough,Dean Turnley,,Original Mix,House,140,C Minor,C,Minor,303857,5:03,ROSSI.HOME//GRXWN.,2026-03-20,False,False,True
house,30,Push The Tempo,Capri; Denis Sulta,,Extended Mix,House,128,A Major,A,Major,465536,7:45,Defected,2026-09-11,False,False,False
house,31,Sexy M.F.,Jackie (IT); AVIV SAB,,Extended Mix,House,124,A Minor,A,Minor,342701,5:42,Maccabi House,2026-07-03,False,False,True
house,32,Rhythm Of The House ,Ejeca; Alex Culross,,Original Mix,House,132,Gb Minor,G,Minor,365462,6:05,You&Me Records,2026-06-19,False,False,False
house,33,Yebisah,Mark Knight; Cristoph,,Extended Mix,House,125,D Minor,D,Minor,385440,6:25,Toolroom,2026-08-21,False,False,False
house,34,Jammin',Simon Kidzoo; Mellizos,,Extended Mix,House,130,C Minor,C,Minor,329034,5:29,Factory 93 Records,2026-07-17,False,False,False
house,35,Loneliness,Robbie Doherty,,Extended,House,136,D Minor,D,Minor,370393,6:10,blanc,2026-08-14,False,False,False
house,36,TOO COOL TO BE CARELESS,PAWSA,,Extended Mix,House,128,Gb Minor,G,Minor,400000,6:40,PAWZ,2024-07-05,False,False,False
house,37,Disco Whoops,FIRZA,,Extended Mix,House,131,Eb Major,E,Major,368358,6:08,IN / ROTATION (Insomniac Records),2026-08-11,False,False,False
house,38,Feel,Franky Rizardo,,Extended Mix,House,130,B Minor,B,Minor,428307,7:08,LTF Records,2026-06-19,False,False,False
house,39,World Hold On feat. Steve Edwards,Bob Sinclar; Steve Edwards,FISHER (OZ),"Fisher Rework, Extended Mix",House,127,Ab Minor,A,Minor,333567,5:33,Yellow Productions,2022-07-08,False,False,False
house,40,The Montana Girl ,Kyle Walker,,Extended Mix,House,130,C Major,C,Major,354461,5:54,Forever Days,2026-08-14,False,False,False
house,41,Baile De Fantome,Franky Rizardo,,Extended Mix,House,128,Ab Minor,A,Minor,427500,7:07,LTF Records,2025-05-16,False,False,False
house,42,House Is Love ,Dennis Quin,RUZE,Ruze Extended Remix,House,132,D Minor,D,Minor,276363,4:36,ORIGINS RCRDS,2026-09-11,False,False,False
house,43,The Roller,Jewel Kid; Low Steppa,Wh0,Wh0 Remix,House,128,E Minor,E,Minor,315937,5:15,Alleanza,2026-08-28,False,False,False
house,44,U Don't Know Me feat. Duane Harden,Armand Van Helden,,Original Mix,House,130,F Major,F,Major,486266,8:06,X-Mix Productions,2006-06-20,False,False,False
house,45,I Want Your Soul,Armand Van Helden,,Original Mix,House,128,Bb Minor,B,Minor,399546,6:39,Southern Fried Records,2013-01-01,False,False,False
house,46,I Get Lifted,Barbara Tucker; Michael Gray,,Extended Mix,House,124,D Minor,D,Minor,388655,6:28,Fool's Paradise,2026-09-04,False,False,False
house,47,Discombobulated,TB-203,,Original Mix,House,128,G Major,G,Major,339374,5:39,Slacker 85,2026-08-07,False,False,False
house,48,Work,KC Lights; KTLN,,Extended Mix,House,129,E Minor,E,Minor,296250,4:56,Toolroom,2026-09-11,False,False,False
house,49,Lovin' U,Fort Romeau,,Original Mix,House,126,D Minor,D,Minor,363096,6:03,Rekids,2026-09-11,False,False,False
house,50,I Need Your Lovin',Matroda,,Extended Mix,House,130,Db Minor,D,Minor,267692,4:27,Insomniac Records,2026-09-10,False,False,False
house,51,Balance,Simes,,Extended Mix,House,130,Gb Minor,G,Minor,341538,5:41,LTF Records,2026-09-04,False,False,False
house,52,HOTS 4 U,Chris Lorenzo; aMo (um),,Original Mix,House,130,B Minor,B,Minor,319384,5:19,tszr,2026-05-01,False,False,False
house,53,Make Me,Borai & Denham Audio,Franky Rizardo,Franky Rizardo Extended Remix,House,130,Bb Minor,B,Minor,343384,5:43,Room Two Recordings,2023-12-15,False,False,False
house,54,Wtfa ,Dennis Cruz; Bora Uzer,,Original Mix,House,126,F Major,F,Major,312430,5:12,Botaniq,2026-09-04,False,False,False
house,55,Show Me Love,Robin S,,Original Mix,House,120,A Minor,A,Minor,252253,4:12,Wagram Music / Balagan Music,2020-06-26,False,False,False
house,56,One More Time,Daft Punk,,12 Mix,House,123,D Major,D,Major,480040,8:00,Daft Life Ltd./ADA France,2000-12-08,False,False,False
house,57,Brighter Days ,Dajae,DJ Spen; Thommy Davis; Gary Hudgins,"DJ Spen, Thommy Davis & Gary Hudgins Gospel Anthem Extended Remix",House,124,D Minor,D,Minor,345000,5:45,Big Love Music,2026-09-11,False,False,False
house,58,The Bridge,Kyle Walker; Ranger Trucco; Nate Katz,,Original Mix,House,130,Ab Minor,A,Minor,392500,6:32,ROSSI.HOME//GRXWN.,2026-07-17,False,False,False
house,59,Love Songs (feat. Kosmo Kint),Prospa; Kosmo Kint,,Extended Mix,House,127,Bb Minor,B,Minor,288227,4:48,CircoLoco Records,2025-10-03,False,False,False
house,60,Dreams,Prospa,,Extended Mix,House,128,Ab Minor,A,Minor,301406,5:01,CircoLoco Records,2026-06-05,False,False,False
house,61,Chica,Najeh; Ben Evers,,Original Mix,House,131,D Minor,D,Minor,320837,5:20,trUst recordings,2026-06-05,False,False,False
house,62,Do Da Doo ,Robotman; Richie Hawtin; Marshall Jefferson,DJ Minx,DJ Minx Extended Remix,House,126,E Minor,E,Minor,322144,5:22,Definitive Recordings,2026-09-04,False,False,False
house,63,The Weekend,Michael Gray,,Extended Vocal Mix,House,127,E Minor,E,Minor,488093,8:08,Altra Moda,2004-10-04,False,False,False
house,64,Dreams ,FIRZA,,Original Mix,House,129,Gb Major,G,Major,344765,5:44,Mood Child,2026-09-11,False,False,False
house,65,Be Yourself,Pancratio,,Original Mix,House,136,A Major,A,Major,344575,5:44,Faith Beat,2026-08-07,False,False,False
house,66,Power,Jats (ofc),,Original Mix,House,126,Eb Major,E,Major,321428,5:21,Stereo Productions,2026-08-06,False,False,False
house,67,This Rhythm (feat. RAHH),Prospa; RAHH,,Extended Mix,House,127,Bb Minor,B,Minor,258000,4:18,CircoLoco Records,2024-11-08,False,False,False
house,68,Da Fonk feat. Joni,Mochakk,,Original Mix,House,127,A Minor,A,Minor,366141,6:06,Nervous Records,2022-07-01,False,False,False
house,69,Scala,Agoria,Vintage Culture,Vintage Culture Remix,House,127,D Minor,D,Minor,402047,6:42,Sapiens Recordings,2026-09-11,False,False,False
house,70,Cheri Cheri Lady,Gawdat,,Extended Mix,House,128,B Minor,B,Minor,320625,5:20,Slacker 85,2026-08-28,False,False,False
house,71,Talk,J. Worra,,Extended Mix,House,126,F Major,F,Major,306108,5:06,Toolroom,2026-08-14,False,False,False
house,72,Movin' To The Sun,Ultra Nate; HUGEL; Imael Angel,,Extended Mix,House,125,F Minor,F,Minor,353760,5:53,Make The Girls Dance Records,2026-06-26,False,False,False
house,73,Give Me The Rhythm ,Piem,,Original Mix,House,128,C Minor,C,Minor,343343,5:43,Cecille,2026-08-28,False,False,False
house,74,I Want It ,Emanuel Satie; Maga,,Original Mix,House,126,B Minor,B,Minor,293092,4:53,Scenarios,2026-08-21,False,False,False
house,75,Stupidisco,Junior Jack,,Original Mix,House,125,F Minor,F,Minor,307600,5:07,Noisetraxx,2004-02-09,False,False,False
house,76,Toda La Noche,Tatan Bilbao,,Extended Mix,House,129,F Minor,F,Minor,333000,5:33,LTF Records,2026-08-28,False,False,False
house,77,That's Right ,Midas Field,,Original Mix,House,130,A Minor,A,Minor,372345,6:12,PIV,2026-08-28,False,False,False
house,78,Music Is The Answer (Dancin' And Prancin') (Extended),Jesus Fernandez; Karl8 & Andrea Monta,,Dancin' And Prancin',House,126,Ab Minor,A,Minor,276410,4:36,Balearico Rec,2026-05-01,False,False,False
house,79,I feel for you,Bob Sinclar,,Original,House,130,Eb Minor,E,Minor,350813,5:50,Yellow Productions,2000-10-01,False,False,False
house,80,La Nuit,Supernova,,Extended Mix,House,130,F Major,F,Major,341095,5:41,LTF Records,2026-06-12,False,False,False
house,81,Dreams,Prospa,,Original Mix,House,128,Ab Minor,A,Minor,236249,3:56,CircoLoco Records,2026-06-05,False,False,False
house,82,Like That,DJ Dre; L.P. Rhythm,,Extended Mix,House,132,E Major,E,Major,365454,6:05,Disorder,2026-05-22,False,False,False
house,83,Point Of View,dB Boulevard,,Club Mix,House,129,Db Major,D,Major,332026,5:32,Airplane Records,2018-05-22,False,False,False
house,84,Hip House Hammer ,Caleb Jackson,,Original Mix,House,130,D Major,D,Major,361846,6:01,Andhera Records,2026-08-21,False,False,True
house,85,Italian Job,SOSA (UK),,Extended Mix,House,132,D Minor,D,Minor,316363,5:16,Metamorfosi Records,2026-07-24,False,False,False
house,86,Feelin' Love,Soulsearcher; RUZE; Chesster,,RUZE & Chesster Extended Remix,House,130,Gb Minor,G,Minor,311110,5:11,Soulfuric Deep,2026-05-29,False,False,False
house,87,Blackwater feat. Ann Saunderson & Urban Soul Orchestra,Octave One,,Full Strings Vocal Mix,House,134,F Minor,F,Minor,495786,8:15,430 West Records,2002-12-16,False,False,False
house,88,Phunky,Mike Dunn; Ahmed Spins,,Extended Mix,House,128,Gb Minor,G,Minor,300110,5:00,DFTD,2026-07-24,False,False,False
house,89,Look Into My Eyes,Obskür,,Extended Mix,House,134,C Minor,C,Minor,335470,5:35,Disorder,2026-07-03,False,False,False
house,90,Werk It,Yomanda; Sam Frandisco,,Extended Mix,House,126,D Minor,D,Minor,340015,5:40,Toolroom Trax,2026-09-11,False,False,True
house,91,One More Time,Daft Punk,,Original Mix,House,123,D Major,D,Major,320357,5:20,Daft Life Ltd./ADA France,2001-03-12,False,False,False
house,92,Relax My Eyes,ANOTR; Abel Balder,,Original Mix,House,132,Bb Minor,B,Minor,396167,6:36,NO ART,2022-11-11,False,False,False
house,93,Explicit Behaviour,Jewel Kid,,Original Mix,House,128,A Minor,A,Minor,319250,5:19,Rekids,2026-08-14,False,False,False
house,94,Lipstick,Alaia & Gallo,Tony Romera,Tony Romera Extended Mix,House,128,A Major,A,Major,337500,5:37,Toolroom,2026-08-07,False,False,False
house,95,Get On Up,Michel De Hey; Job De Jong,,Extended Mix,House,128,Ab Major,A,Major,392046,6:32,Haven Trax,2026-06-26,False,False,False
house,96,Strings of Life / Un Amore Supremo,Soul Central,Bart Skils; Weska,Bart Skils & Weska Remix,House,130,E Minor,E,Minor,369234,6:09,Drumcode,2026-09-04,False,False,False
house,97,La Pasión,Fioretti,,Extended Mix,House,126,Db Minor,D,Minor,447421,7:27,8Bit,2026-09-04,False,False,False
house,98,See-Line Woman,Nina Simone; Mochakk,,Mochakk Mix,House,128,Ab Minor,A,Minor,288021,4:48,Verve,2026-05-15,False,False,False
house,99,Take It Off,FISHER (OZ); Aatig,,Extended Mix,House,127,Eb Minor,E,Minor,326009,5:26,Catch & Release,2023-06-09,False,False,False
house,100,Everybody,Nic Lorenz; Simes; Fero Duman; Perfect Timing (DE),,Extended Mix,House,130,Gb Minor,G,Minor,341542,5:41,LTF Records,2026-07-03,False,False,False
tech-house,1,Gotta Be Cool,Rafael,LUCH,Luch Remix,Tech House,124,Db Major,D,Major,418064,6:58,Crosstown Rebels,2026-09-11,False,False,False
tech-house,2,"1,2,3",Volkoder; James Hype,,Extended,Tech House,127,Db Minor,D,Minor,302864,5:02,Tomorrowland Music / SoundOn,2026-09-04,False,False,False
tech-house,3,Get Up and Dance ,Cloonee,,Extended Mix,Tech House,130,Bb Major,B,Major,244251,4:04,Hellbent Records,2026-09-09,False,False,False
tech-house,4,Feel This Grip (feat. Baby Tate),Michael Bibi; Baby Tate,,Extended Mix,Tech House,130,Eb Minor,E,Minor,310961,5:10,Warner Records,2026-09-11,False,False,True
tech-house,5,Reason Why,Sapian,,Extended Mix,Tech House,130,E Minor,E,Minor,325625,5:25,Prophecy,2026-08-14,False,False,False
tech-house,6,Beat Goes On,Rafael; Adam Ten,,Extended Mix,Tech House,124,A Major,A,Major,309677,5:09,Maccabi House,2026-07-24,False,False,False
tech-house,7,Landlords Nightmare,CamelPhat,,Original Mix,Tech House,130,Bb Major,B,Major,295487,4:55,Diynamic,2026-09-09,False,False,False
tech-house,8,MYSTERY OF RAW,Wu-Tang Clan; Michael Bibi; Kettama,,Extended Mix,Tech House,130,Ab Major,A,Major,302950,5:02,CircoLoco Records,2026-08-14,False,False,True
tech-house,9,There's A Party Goin' On,HARTY (UK),,Extended Mix,Tech House,128,Db Minor,D,Minor,349088,5:49,Prophecy,2026-09-11,False,False,False
tech-house,10,FRICTION,Tiga,Brunello,Brunello Remix,Tech House,125,C Minor,C,Minor,355278,5:55,Turbo Recordings,2026-09-11,False,False,False
tech-house,11,Friction,Riordan; Locky (UK),,Extended Mix,Tech House,132,D Minor,D,Minor,321931,5:21,Safelight Records.,2026-08-28,False,False,False
tech-house,12,4Get The Girl,Route 94; Samm (BE),,Samm Extended Remix,Tech House,122,Gb Minor,G,Minor,350188,5:50,Defected,2026-09-04,False,False,False
tech-house,13,Stay Sexy,Mili; HUGEL; LaBritney,,Extended Mix,Tech House,124,Db Major,D,Major,348870,5:48,Make The Girls Dance Records,2026-06-26,False,False,True
tech-house,14,Ooo La La ,RSquared,,Original Mix,Tech House,128,C Minor,C,Minor,375203,6:15,RWorks,2026-09-10,False,False,False
tech-house,15,Body Shake,Max Styler,,Extended Mix,Tech House,128,E Major,E,Major,301874,5:01,Nu Moda,2026-08-07,False,False,False
tech-house,16,Never Leave U,Sonny Kane,,Extended Mix,Tech House,128,B Minor,B,Minor,360675,6:00,Boat Club Records,2026-07-10,False,False,False
tech-house,17,Bring That Beat Back ,AMMIL,,Extended Mix,Tech House,130,Eb Minor,E,Minor,347076,5:47,range.,2026-08-20,False,False,False
tech-house,18,I Never Knew,Adam Ten,,Extended Mix,Tech House,125,D Minor,D,Minor,299683,4:59,Defected,2026-06-05,False,False,False
tech-house,19,La La Land,Green Velvet; Meduza; GENESI (ITA); ESSENTIA (IT),,Extended Mix,Tech House,128,A Major,A,Major,331879,5:31,Broke,2026-05-15,False,False,False
tech-house,20,Wicked Weekend,CamelPhat,,Original Mix,Tech House,130,Bb Major,B,Major,271567,4:31,Diynamic,2026-09-09,False,False,False
tech-house,21,All I Want,KIMONOS; Amour Propre,,Extended Mix,Tech House,128,G Major,G,Major,273750,4:33,Nu Moda,2026-09-11,False,False,False
tech-house,22,wtf,Roland Clark; DvirNuns; Broken Hill,,Extended Mix,Tech House,127,D Minor,D,Minor,278407,4:38,THRIVE MUSIC,2026-06-26,False,False,True
tech-house,23,Upside Down ,BELLEKOM; Ennio (NL),,Extended Mix,Tech House,130,G Minor,G,Minor,358384,5:58,Criterio Music,2026-08-14,False,False,False
tech-house,24,Can I Ride,95 South; SIDEPIECE,,Extended Mix,Tech House,132,Gb Major,G,Major,234570,3:54,LIP SERVICE,2026-07-10,False,False,False
tech-house,25,The City,KIMONOS; Amour Propre,,Extended Mix,Tech House,128,F Major,F,Major,301874,5:01,Nu Moda,2026-09-11,False,False,False
tech-house,26,She's Dangerous,Flex (UK),,Extended Mix,Tech House,129,D Major,D,Major,386976,6:26,THRIVE MUSIC,2026-09-11,False,False,False
tech-house,27,Late Night Baddies ,MALARKEY; Gaskin; Tom Did It,,Original Mix,Tech House,132,Db Minor,D,Minor,263636,4:23,Bass Jamz,2026-08-14,False,False,False
tech-house,28,neck ,Mau P,,Extended Mix,Tech House,129,B Minor,B,Minor,350000,5:50,Black Book Records,2026-02-06,False,False,False
tech-house,29,THE MOB,IDEMI,,Original Mix,Tech House,130,A Minor,A,Minor,269653,4:29,Disorder,2026-09-04,False,False,False
tech-house,30,Don't Stop,Prospa,,Extended Mix,Tech House,128,Eb Minor,E,Minor,240000,4:00,CircoLoco Records,2025-04-11,False,False,False
tech-house,31,How Does It Feel,Fezzo; Dubdogz; Zaark,,Extended,Tech House,130,D Minor,D,Minor,316687,5:16,TH3RD BRAIN,2026-03-27,False,False,False
tech-house,32,Ladies & Fellas,LOTTEN,,Original Mix,Tech House,128,Bb Major,B,Major,315000,5:15,COPPADOS,2026-09-11,False,False,False
tech-house,33,In This Bih',Chris Lorenzo; Kah-lo,,Extended Mix,Tech House,130,Gb Major,G,Major,266431,4:26,Turbo Blanco,2026-03-13,False,False,True
tech-house,34,Do Da Doo ,Robotman; Richie Hawtin; Marshall Jefferson,Jamie Jones,Jamie Jones Niagra Extended Remix,Tech House,131,G Major,G,Major,382900,6:22,Definitive Recordings,2026-09-04,False,False,False
tech-house,35,Too Close,Dario; KamJam,,Extended Mix,Tech House,127,E Major,E,Major,349606,5:49,All Ways Dance,2026-07-31,False,False,False
tech-house,36,Move Your Body,Marshall Jefferson; Solardo,,Extended Mix,Tech House,125,E Minor,E,Minor,373713,6:13,Ultra,2019-10-18,False,False,False
tech-house,37,Brand New,Juan (AR); Hudecek,,Original Mix,Tech House,130,C Minor,C,Minor,332304,5:32,La Pera Records,2026-09-11,False,False,False
tech-house,38,You Make Me Fall In Love ,Ajna (BE); abrahamblue,,Original Mix,Tech House,122,Gb Minor,G,Minor,300793,5:00,Magnifik Music,2026-07-17,False,False,False
tech-house,39,Take Our Time,Chico Rose (NL),,Extended Mix,Tech House,129,F Minor,F,Minor,391627,6:31,Sound D’Elite,2026-06-26,False,False,False
tech-house,40,Watching Me,Miro (AR),,Extended,Tech House,130,A Major,A,Major,339845,5:39,Music is blaah!,2026-06-19,False,False,False
tech-house,41,Like I Like It,Mau P,,Original Mix,Tech House,128,Ab Major,A,Major,397851,6:37,Diynamic,2025-05-23,False,False,False
tech-house,42,Coco Loco,Gama; Bautista (MX),,Extended Mix,Tech House,128,G Major,G,Major,315259,5:15,Slacker 85,2026-09-02,False,False,False
tech-house,43,It Feels So Good,Sonique; Matt Sassari; HUGEL,,Extended Mix,Tech House,128,F Minor,F,Minor,318912,5:18,Cr2 Records,2024-11-01,False,False,False
tech-house,44,Phreaky,Mike Dunn; Sorley,,Extended Mix,Tech House,126,Eb Major,E,Major,351483,5:51,DFTD,2026-09-11,False,False,True
tech-house,45,Cardio,Viot,,Extended Mix,Tech House,128,G Minor,G,Minor,337500,5:37,Nu Moda,2026-07-03,False,False,True
tech-house,46,So Hot!,Jake Bleu; Edris Omar,,Extended Mix,Tech House,128,B Minor,B,Minor,316201,5:16,HOUSE RULES RECORDS,2026-03-25,False,False,True
tech-house,47,Morning Coffee,Jitwam; GUDFELLA,,Extended Mix,Tech House,128,C Minor,C,Minor,300937,5:00,THRIVE MUSIC,2026-03-20,False,False,False
tech-house,48,Tik Tak,Provi; Danidane,,Extended Mix,Tech House,125,E Minor,E,Minor,300480,5:00,Nervous Records,2026-09-11,False,False,False
tech-house,49,Landslide,Jamback,,Original Mix,Tech House,132,F Major,F,Major,294000,4:54,JAMWORX,2026-07-24,False,False,True
tech-house,50,Energy,Mishell; Vinter (BR),,Extended Mix,Tech House,128,B Minor,B,Minor,311250,5:11,Helix Records,2026-07-24,False,False,False
tech-house,51,Baby,Prospa; Murda Beatz,,Extended Mix,Tech House,130,B Minor,B,Minor,266769,4:26,CircoLoco Records,2026-05-08,False,False,False
tech-house,52,Verano En NY,Toman,,Original Mix,Tech House,126,G Major,G,Major,261210,4:21,Solid Grooves Records,2025-06-27,False,False,False
tech-house,53,Slinging Dope,After Midnight; Matroda; San Pacho,,Original Mix,Tech House,132,Eb Minor,E,Minor,263124,4:23,AFTER MIDNIGHT,2026-07-23,False,False,False
tech-house,54,Oldskool Flavor,Max Styler; Greggio,,Extended Mix,Tech House,129,Bb Major,B,Major,298604,4:58,Nu Moda,2026-05-22,False,False,False
tech-house,55,XTC ,Cloonee; Jocelyn Enriquez,,Extended Mix,Tech House,130,B Minor,B,Minor,357274,5:57,Hellbent Records,2026-01-30,False,False,False
tech-house,56,Profill,Bonafique; Yuvèe,,Original Mix,Tech House,125,C Minor,C,Minor,345600,5:45,Crosstown Rebels,2026-06-05,False,False,False
tech-house,57,Out of My Mind ,Joshwa,,Extended Mix,Tech House,132,A Major,A,Major,315454,5:15,Hellbent Records,2026-02-06,False,False,False
tech-house,58,The Less I Know The Better,Mau P,,Extended Mix,Tech House,128,E Major,E,Major,354912,5:54,Nervous Records,2025-02-28,False,False,False
tech-house,59,Body Work,Lackmus; Shdws (US),,Original Mix,Tech House,128,E Major,E,Major,240966,4:00,LIP SERVICE,2026-09-11,False,False,False
tech-house,60,LADIES & GENTLEMEN ,KinAhau; WIFE MATERIAL,,Original Mix,Tech House,130,E Major,E,Major,326769,5:26,Chaste Records,2026-08-14,False,False,False
tech-house,61,Make Believe,Luke Dean; Omar+,,Extended Mix,Tech House,133,Eb Minor,E,Minor,346466,5:46,Insomniac Records,2025-08-15,False,False,False
tech-house,62,Don't Numb the Pain ,Rony Seikaly; LUMC (VE),,Extended Version,Tech House,128,Bb Minor,B,Minor,362311,6:02,Moon Harbour Recordings,2026-09-04,False,False,False
tech-house,63,C-Line Woman,DJ Dan; Taurus (US),,Extended Mix,Tech House,126,Ab Minor,A,Minor,343094,5:43,Toolroom,2026-08-28,False,False,False
tech-house,64,Losing It,FISHER (OZ),,Extended,Tech House,125,G Major,G,Major,400509,6:40,Catch & Release,2018-07-13,False,False,False
tech-house,65,Ride,Karen Harding; GUDFELLA; Yamagucci,,Extended Mix,Tech House,126,Bb Major,B,Major,375238,6:15,Insomniac Records,2026-08-21,False,False,False
tech-house,66,Innerbloom,RÜFÜS DU SOL,,Original Mix,Tech House,106,Bb Major,B,Major,578040,9:38,Sweat It Out,2016-01-22,False,False,False
tech-house,67,SEXY ,Diego Teran; SIK&SEM,,Original Mix,Tech House,128,E Major,E,Major,315000,5:15,Whippin,2026-09-11,False,False,False
tech-house,68,Party Time (feat. Aatig) ,Tiga; Chris Lake; AYYBO; Aatig,,AYYBO Extended Remix,Tech House,127,Ab Major,A,Major,302893,5:02,Black Book Records,2026-08-14,False,False,False
tech-house,69,Drugs From Amsterdam,Mau P,,Extended Mix,Tech House,125,Eb Major,E,Major,323593,5:23,Repopulate Mars,2022-08-19,False,False,False
tech-house,70,Funky Beat ,Wade,,Extended Mix,Tech House,130,E Major,E,Major,387461,6:27,Criterio Music,2026-09-11,False,False,False
tech-house,71,Kind Of Girl,LOTTEN; vio.,,Original Mix,Tech House,127,B Minor,B,Minor,302362,5:02,COPPADOS,2026-09-11,False,False,False
tech-house,72,"Like it, Like That",Julian Fijma,,Extended Mix,Tech House,130,Ab Minor,A,Minor,372934,6:12,Fijma Trax,2026-09-09,False,False,False
tech-house,73,Pacha ,ZARO,,Original Mix,Tech House,128,C Minor,C,Minor,345000,5:45,Magnifik Music,2026-08-07,False,False,False
tech-house,74,On Lock ,Dale Howard,,Original Mix,Tech House,132,A Minor,A,Minor,325454,5:25,COCO,2026-06-19,False,False,False
tech-house,75,Make You Fight ,Chris Lake; ATRIP,,Extended Mix,Tech House,131,G Minor,G,Minor,227200,3:47,Black Book Records,2026-05-01,False,False,False
tech-house,76,Party Over Here (feat. Detroit's Filthiest),Detroit's Filthiest; Jamie Fielding,,Extended Mix,Tech House,130,G Minor,G,Minor,399033,6:39,SPINNIN' DEEP,2026-05-29,False,False,False
tech-house,77,Lonely Nights,Rob Stillekens,,Original Mix,Tech House,128,G Minor,G,Minor,365760,6:05,Deeperfect,2026-09-04,False,False,False
tech-house,78,Brickell,ZARO; Kashovski,,Extended Mix,Tech House,126,D Major,D,Major,350476,5:50,Gozar Records,2026-08-21,False,False,False
tech-house,79,Shepard's Tone,LUCH,,Original Mix,Tech House,123,F Major,F,Major,421463,7:01,Gozar Records,2026-02-06,False,False,False
tech-house,80,Fancy $hit ,CID; Taylr Renee,,Extended Mix,Tech House,129,F Major,F,Major,327441,5:27,Catch & Release,2025-09-05,False,False,False
tech-house,81,POM,Chico Rose (NL),,Original Mix,Tech House,130,Eb Major,E,Major,385243,6:25,Deeperfect,2025-07-25,False,False,False
tech-house,82,Back Into Time,Simon Ray; Pavel Pasha; NATÜRA (IT),,Extended Mix,Tech House,130,Bb Minor,B,Minor,362949,6:02,NUSONIDO,2026-09-04,False,False,False
tech-house,83,Swagon,Detlef; Ossey James,Tony Romera,Tony Romera Remix,Tech House,130,E Major,E,Major,339692,5:39,Repopulate Mars,2026-08-28,False,False,False
tech-house,84,Bad B$tch,Dox; DvirNuns,,Extended Mix,Tech House,126,G Major,G,Major,285714,4:45,Nu Moda,2026-07-24,False,False,False
tech-house,85,Time,Hot Since 82; Kuuda,,Original Mix,Tech House,124,E Minor,E,Minor,406451,6:46,Knee Deep In Sound,2026-09-04,False,False,False
tech-house,86,Rumpta,Solomun; Skrillex,,Original Mix,Tech House,128,G Major,G,Major,277526,4:37,Diynamic,2026-07-01,False,False,False
tech-house,87,Invisible,Jazzy; Chris Lorenzo,,Extended Mix,Tech House,130,Eb Minor,E,Minor,325871,5:25,Chaos,2026-06-19,False,False,False
tech-house,88,Sorry I Am Late,Kollektiv Turmstrasse,,Extended,Tech House,122,Gb Major,G,Major,489714,8:09,FFRR,2016-07-15,False,False,True
tech-house,89,Make It Rain,Darmon,,Extended Mix,Tech House,125,D Major,D,Major,338214,5:38,Make The Girls Dance Records,2026-09-04,False,False,False
tech-house,90,Step To The Floor,Voltech; Dansyn,,Extended Mix,Tech House,128,Eb Major,E,Major,304243,5:04,1001 Recordings,2026-09-11,False,False,False
tech-house,91,Bombreaker,Foynez,,Original Mix,Tech House,130,G Major,G,Major,373042,6:13,Hot Creations,2026-08-21,False,False,False
tech-house,92,Get Messy,Mishell; Toni B,,Extended Mix,Tech House,127,D Minor,D,Minor,308031,5:08,Maccabi House,2026-08-14,False,False,True
tech-house,93,Cola,CamelPhat; Elderbrook; ARTBAT,,ARTBAT Extended Remix,Tech House,125,F Minor,F,Minor,305280,5:05,Defected,2025-08-08,False,False,False
tech-house,94,GET BACK TO ME ,DONT BLINK,,Extended Mix,Tech House,128,G Minor,G,Minor,330000,5:30,LOW CEILING,2026-09-04,False,False,False
tech-house,95,Bad Bitch,HUGEL; Sexyy Red; Gatano,,Extended Mix,Tech House,125,Bb Major,B,Major,231360,3:51,Make The Girls Dance Records,2026-08-21,False,False,True
tech-house,96,Content Creator ,Christian Burkhardt,,Original Mix,Tech House,128,C Major,C,Major,318250,5:18,Cecille,2026-09-11,False,False,False
tech-house,97,Templo Disko,Max Styler,,Extended Mix,Tech House,126,E Major,E,Major,340000,5:40,Nu Moda,2026-08-07,False,False,False
tech-house,98,Becca's Booty,Ronnie Spiteri,,Original Mix,Tech House,128,D Minor,D,Minor,364857,6:04,Hot Creations,2026-08-07,False,False,False
tech-house,99,Rumba,Sterium,,Original Mix,Tech House,128,Eb Minor,E,Minor,285000,4:45,BONGO,2026-06-19,False,False,False
tech-house,100,Bad Wolf ,Michael Bibi,,Extended Mix,Tech House,131,Ab Major,A,Major,296793,4:56,EMPIRE,2026-05-15,False,False,False
dance-pop,1,Just A Little Bit More,Mau P,,Extended,Dance / Pop,128,Gb Major,G,Major,381221,6:21,"Generation Rebrand B.V., under exclusive license to Interscope Records",2026-09-04,False,False,False
dance-pop,2,How Ya Feelin',L.P. Rhythm,,Extended Mix,Dance / Pop,132,B Major,B,Major,339090,5:39,Lost Property,2026-09-04,False,False,False
dance-pop,3,Movin' To The Sun,Ultra Nate; HUGEL; Imael Angel,,Extended Mix,Dance / Pop,125,F Minor,F,Minor,353760,5:53,Make The Girls Dance Records,2026-05-22,False,False,False
dance-pop,4,Not A Problem,Nafe Smallz; Max Dean; Luke Dean,,Original Mix,Dance / Pop,132,F Minor,F,Minor,247272,4:07,Interscope Records,2026-09-10,False,False,False
dance-pop,5,So Good (feat. Kuuda),CamelPhat; Josh Gigante; Kuuda,Sapian,Sapian Extended Remix,Dance / Pop,128,Gb Minor,G,Minor,333530,5:33,When Stars Align,2026-08-28,False,False,False
dance-pop,6,Love Forever (feat. Kuuda),Max Styler; Kuuda,,Extended Mix,Dance / Pop,126,G Major,G,Major,321904,5:21,Nu Moda,2026-08-07,False,False,False
dance-pop,7,Long Jacket,Chris Lake; Chris Lorenzo; Cake; KENNY BEATS,,Extended Mix,Dance / Pop,134,G Major,G,Major,273159,4:33,Long Jacket Music,2026-08-28,False,False,False
dance-pop,8,Gotta Be Cool,Rafael,,Original Mix,Dance / Pop,124,Db Minor,D,Minor,354314,5:54,Crosstown Rebels,2026-06-26,False,False,False
dance-pop,9,So Good (feat. Kuuda),CamelPhat; Josh Gigante; Kuuda,,Original Mix,Dance / Pop,126,B Major,B,Major,280000,4:40,When Stars Align,2026-05-22,False,False,False
dance-pop,10,Magnetic,The Bausa,,Extended,Dance / Pop,130,G Major,G,Major,299076,4:59,Columbia/B1 Recordings,2026-02-27,False,False,False
dance-pop,11,Silver Lines,ANOTR; Emily Warren,,Extended Mix,Dance / Pop,127,Bb Minor,B,Minor,431951,7:11,CircoLoco Records,2026-07-10,False,False,False
dance-pop,12,Comes and Goes,Kettama,,Original Mix,Dance / Pop,134,Eb Minor,E,Minor,433662,7:13,Steel City Dance Discs,2026-05-20,False,False,False
dance-pop,13,Lady,Modjo,,Hear Me Tonight,Dance / Pop,126,Bb Minor,B,Minor,307153,5:07,Modjo Music,2001-01-01,False,False,False
dance-pop,14,Happiness Is So Sad,Lykke Li; Swedish House Mafia,,Extended Mix,Dance / Pop,134,C Minor,C,Minor,296987,4:56,DANSA,2026-07-30,False,False,False
dance-pop,15,Blessings,Calvin Harris; Clementine Douglas,,Extended Mix,Dance / Pop,130,B Minor,B,Minor,330322,5:30,Columbia (Sony),2025-05-09,False,False,False
dance-pop,16,No Broke Boys,Tinashe; Disco Lines,,Extended,Dance / Pop,131,B Major,B,Major,206129,3:26,GoodGood/NiceLife/Atlantic,2025-06-06,False,False,True
dance-pop,17,I Adore You,Arash; HUGEL; Topic; Daecolm,,Extended Mix,Dance / Pop,120,B Minor,B,Minor,386000,6:26,Virgin,2024-07-19,False,False,False
dance-pop,18,Free (You Got To Live),Ultra Nate; HUGEL,,Extended Mix,Dance / Pop,123,F Minor,F,Minor,327804,5:27,Cr2 Records,2025-11-28,False,False,False
dance-pop,19,Levels,Avicii,,Original Version,Dance / Pop,126,E Major,E,Major,338866,5:38,Universal Music AB,2011-10-28,False,False,False
dance-pop,20,Let's Go,David Guetta; Jaden Bojsen; Sami Brielle,,Extended Mix,Dance / Pop,129,Ab Major,A,Major,247441,4:07,SPINNIN' RECORDS,2024-10-04,False,False,True
dance-pop,21,Where You Are,John Summit; HAYLA,,Extended Mix,Dance / Pop,126,A Minor,A,Minor,310496,5:10,Experts Only,2023-03-03,False,False,False
dance-pop,22,"You And I, Me And You",David Guetta; Hypaton,,Extended,Dance / Pop,128,E Minor,E,Minor,272812,4:32,Atlantic Records UK,2026-09-11,False,False,False
dance-pop,23,Gotta Be,Cedric Gervais; Carla Monroe,,Extended Mix,Dance / Pop,126,Bb Minor,B,Minor,251577,4:11,Armada Music,2026-09-11,False,False,False
dance-pop,24,Feel So Close,Calvin Harris,,Extended Mix,Dance / Pop,128,G Major,G,Major,333920,5:33,Fly Eye Records,2011-09-07,False,False,False
dance-pop,25,Samba,ZHIKO; Karim Naas,,Extended Mix,Dance / Pop,128,Db Major,D,Major,225058,3:45,Paraiso,2026-02-20,False,False,False
dance-pop,26,It Gets Better,Kettama,,Forever Mix,Dance / Pop,140,Bb Minor,B,Minor,470881,7:50,Steel City Dance Discs,2025-10-03,False,False,False
dance-pop,27,Walking On A Dream,Empire Of The Sun; BLOND:ISH,,BLOND:ISH Extended Remix,Dance / Pop,127,F Minor,F,Minor,320043,5:20,EMI Music Australia,2025-07-28,False,False,False
dance-pop,28,What A Life (feat. Florence Arman) ,FISHER (OZ); Florence Arman,,Extended Mix,Dance / Pop,128,C Major,C,Major,270962,4:30,Catch & Release,2026-06-26,False,False,False
dance-pop,29,Think About Us,Sonny Fodera; D.O.D; Poppy Baskcomb,,Extended Mix,Dance / Pop,128,Bb Minor,B,Minor,285950,4:45,SOLOTOKO,2025-10-17,False,False,False
dance-pop,30,Galvanize,Chris Lake; Q-Tip; The Chemical Brothers,,Chris Lake Extended Mix,Dance / Pop,128,G Major,G,Major,276118,4:36,Positiva,2025-08-29,False,False,False
dance-pop,31,Say My Name,Florence + The Machine; Morgan Seatree,,Extended Remix,Dance / Pop,140,B Minor,B,Minor,274285,4:34,Positiva,2024-12-06,False,False,False
dance-pop,32,DON'T BELIEVE IT,Absolutely; John Summit,,Extended Mix,Dance / Pop,128,C Minor,C,Minor,243867,4:03,Experts Only,2026-04-15,False,False,False
dance-pop,33,Boombox,Saoirse,,Original Mix,Dance / Pop,133,G Major,G,Major,282431,4:42,Chaos,2026-09-04,False,False,False
dance-pop,34,Don't You Worry Child,Swedish House Mafia; John Martin,,Original Mix,Dance / Pop,129,D Major,D,Major,403493,6:43,Virgin Records,2012-10-05,False,False,False
dance-pop,35,Loco Loco,Reinier Zonneveld; GORDO (US),,Extended Mix,Dance / Pop,127,B Minor,B,Minor,287244,4:47,SPINNIN' RECORDS,2026-01-30,False,False,True
dance-pop,36,The Way I Are,Timbaland; Keri Hilson; D.O.E.,Max Dean,Max Dean Remix - Extended,Dance / Pop,129,Eb Minor,E,Minor,331162,5:31,Blackground Records/Interscope Records,2025-12-19,False,False,False
dance-pop,37,LOOK OUT FOR ME: KETTAMA VERSION,Kettama; Turnstile,,Original Mix,Dance / Pop,142,G Minor,G,Minor,284093,4:44,Roadrunner Records,2026-08-27,False,False,False
dance-pop,38,Better,Southcent; DOVnROBS,,Extended Mix,Dance / Pop,122,C Minor,C,Minor,347428,5:47,Deep Root Records,2026-09-04,False,False,False
dance-pop,39,Return To Bhibo,Barry Can't Swim,,Extended Mix,Dance / Pop,129,Bb Minor,B,Minor,279666,4:39,Atlantic Records UK,2026-05-29,False,False,False
dance-pop,40,Sweet Nothing,Calvin Harris; D.O.D,,2025 Edit,Dance / Pop,130,Ab Minor,A,Minor,252025,4:12,Sony Music CG,2025-08-22,False,False,False
dance-pop,41,I Need You,TwoFaced; Nikita W.,,Extended Mix,Dance / Pop,142,Db Minor,D,Minor,330245,5:30,Positiva,2025-10-24,False,False,False
dance-pop,42,Be My Own,Monte; Stylo; Kevin de Vries,,Extended Mix,Dance / Pop,130,D Minor,D,Minor,243807,4:03,SPINNIN' RECORDS,2026-09-11,False,False,False
dance-pop,43,Born Slippy,Underworld,,Nuxx / Remastered,Dance / Pop,88,G Minor,G,Minor,705946,11:45,UMC (Universal Music Catalogue),2015-11-13,False,False,False
dance-pop,44,Cry For You,SIDEPIECE,,Extended Mix,Dance / Pop,132,E Major,E,Major,263031,4:23,LIP SERVICE,2025-09-26,False,False,False
dance-pop,45,I Follow Rivers,Lykke Li,The Magician,The Magician Remix,Dance / Pop,122,A Minor,A,Minor,279635,4:39,Atlantic Records,2010-02-14,False,False,False
dance-pop,46,Coming Up (It's Dare),Odd Mob; OMNOM; HYPERBEAM,,It's Dare,Dance / Pop,134,G Minor,G,Minor,245373,4:05,QueensRoadMusic/Atlantic,2025-11-14,False,False,False
dance-pop,47,Drop the Pressure,Mylo,,Club Mix,Dance / Pop,129,D Major,D,Major,314948,5:14,EPP,2006-04-25,False,False,False
dance-pop,48,Pump Up The Jam,Technotronic,,Original Mix,Dance / Pop,125,C Minor,C,Minor,320306,5:20,Universal Music S.A.,2009-01-01,False,False,False
dance-pop,49,Wake Me Up,Avicii,,Original Mix,Dance / Pop,124,D Major,D,Major,247426,4:07,Universal Music AB,2020-09-16,False,False,False
dance-pop,50,In Love,Gwen Guthrie; Rafael; JØRD,,Extended Mix,Dance / Pop,126,D Major,D,Major,388571,6:28,Island Records,2026-04-17,False,False,False
dance-pop,51,Promiscuous,Lukas & Frank,,"Extended Mix, Afro Edit",Dance / Pop,121,A Minor,A,Minor,277685,4:37,All Ways Dance,2026-01-30,False,False,False
dance-pop,52,Jolene,Destructo; Dolly Parton,,Destructo Remix,Dance / Pop,122,Db Minor,D,Minor,308876,5:08,RCA/Legacy,2021-07-01,False,False,False
dance-pop,53,Satisfy You,Kaskade; Bobby Harvey; Sam Harper,,Extended Mix,Dance / Pop,134,D Minor,D,Minor,187321,3:07,Arkade,2026-09-11,False,False,False
dance-pop,54,Patigo,Stryv,,Extended Mix,Dance / Pop,120,D Minor,D,Minor,288016,4:48,Defected,2026-07-31,False,False,False
dance-pop,55,New Religion ,Faithless; Bebe Rexha,,Extended Mix,Dance / Pop,128,B Minor,B,Minor,248462,4:08,EMPIRE,2026-03-06,False,False,False
dance-pop,56,Rain ,FISHER (OZ),,Extended Mix,Dance / Pop,130,D Minor,D,Minor,266793,4:26,Catch & Release,2026-02-06,False,False,False
dance-pop,57,Summer,Calvin Harris,,Extended Mix,Dance / Pop,128,G Major,G,Major,296440,4:56,Columbia (Sony),2014-06-20,False,False,False
dance-pop,58,Latch,Sam Smith; Disclosure,,Original Mix,Dance / Pop,122,Ab Major,A,Major,256940,4:16,Universal-Island Records Ltd.,2012-01-01,False,False,False
dance-pop,59,Leaving,MK; Tristan Henry,,Extended,Dance / Pop,128,Eb Minor,E,Minor,213769,3:33,Columbia (Sony),2026-09-04,False,False,False
dance-pop,60,Delilah (pull me out of this),Delilah Montagu; Fred again..,,pull me out of this,Dance / Pop,134,G Minor,G,Minor,250702,4:10,Atlantic Records UK,2022-10-17,False,False,False
dance-pop,61,Best Be Believing,Aluna; Riordan; AlunaGeorge; Caleb Laurenson; Danny P (IRL),,Extended Mix,Dance / Pop,134,B Minor,B,Minor,344780,5:44,Safelight Records,2026-06-19,False,False,False
dance-pop,62,All That Matters,Hot Since 82,,Original Mix,Dance / Pop,124,G Major,G,Major,365806,6:05,Knee Deep In Sound,2026-09-04,False,False,False
dance-pop,63,Inner Peace,S3PPA,,Extended Mix,Dance / Pop,140,Bb Minor,B,Minor,389142,6:29,Musical Freedom,2026-07-31,False,False,False
dance-pop,64,Get Away,Boys Noize; Kungs,,Extended,Dance / Pop,127,E Minor,E,Minor,340176,5:40,Universal Music Division Polydor France,2026-03-13,False,False,False
dance-pop,65,Don't You Want Me,The Human League,Purple Disco Machine,Purple Disco Machine Extended Mix,Dance / Pop,121,A Minor,A,Minor,467000,7:47,Virgin Records Ltd,2021-11-19,False,False,False
dance-pop,66,A Place You Wanna Go (Good Life),bullet tooth,,Extended Mix,Dance / Pop,132,B Minor,B,Minor,308272,5:08,Positiva,2025-10-03,False,False,False
dance-pop,67,Desire,CHRIS STASSY,,Extended,Dance / Pop,67,Ab Minor,A,Minor,374338,6:14,CSS,2024-02-09,False,False,False
dance-pop,68,Inner Light,Bob Moses; Elderbrook,,Original Mix,Dance / Pop,121,Gb Minor,G,Minor,257985,4:17,Parlophone UK,2021-07-30,False,False,False
dance-pop,69,Satisfy,Jazzy; Calvin Harris,,Original Mix,Dance / Pop,130,A Minor,A,Minor,269558,4:29,Columbia (Sony),2026-05-08,False,False,False
dance-pop,70,Upside Down,David Guetta; Jaden Bojsen,,Extended Mix,Dance / Pop,128,G Minor,G,Minor,208125,3:28,SPINNIN' RECORDS,2026-02-06,False,False,False
dance-pop,71,What's A Girl To Do,Luvstruck,,Extended Mix,Dance / Pop,132,Db Major,D,Major,428827,7:08,SPINNIN' RECORDS,2024-07-26,False,False,False
dance-pop,72,Won't Be Possible,Tiesto; Odd Mob; Goodboys,,Extended Mix,Dance / Pop,130,Eb Minor,E,Minor,193846,3:13,Atlantic Records,2025-05-09,False,False,False
dance-pop,73,Clarity,Zedd; Foxes,,Extended Mix,Dance / Pop,128,Ab Major,A,Major,343125,5:43,Interscope,2012-01-01,False,False,False
dance-pop,74,Nobody Can Stop Richard Finger,Levity; Richard Finger,,Levity Remix,Dance / Pop,151,B Minor,B,Minor,195200,3:15,Deadbeats,2026-09-02,False,False,True
dance-pop,75,iPod Touch ,Ninajirachi,Madeon,Madeon Remix,Dance / Pop,130,Eb Major,E,Major,278781,4:38,NLV Records,2026-08-28,False,False,False
dance-pop,76,Sitting In The Sun (Walking In The Rain),DumitrEscu,,Walking In The Rain,Dance / Pop,128,Bb Minor,B,Minor,345000,5:45,Chaos Records,2025-07-25,False,False,False
dance-pop,77,Dance Dance Dance!,Barry Can't Swim,,Extended Mix,Dance / Pop,120,Db Minor,D,Minor,276763,4:36,Atlantic Records UK,2026-07-24,False,False,False
dance-pop,78,Toca Toca,Fly Project; Morry; Sistek,,Extended,Dance / Pop,124,A Minor,A,Minor,263709,4:23,Roton Music,2026-07-10,False,False,False
dance-pop,79,Waterfalls,Bobby Harvey; James Hype; Sam Harper,,Extended Mix,Dance / Pop,138,Gb Minor,G,Minor,216090,3:36,Universal-Island Records Ltd.,2025-08-08,False,False,False
dance-pop,80,Silence feat. Sarah McLachlan,Delerium; Sarah McLachlan; John Summit,,John Summit Extended Remix,Dance / Pop,133,A Minor,A,Minor,328441,5:28,Experts Only,2025-05-14,False,False,False
dance-pop,81,How Deep Is Your Love,Calvin Harris; Disciples,,Extended Mix,Dance / Pop,122,E Minor,E,Minor,354200,5:54,Columbia (Sony),2015-08-07,False,False,False
dance-pop,82,Super High,Odd Mob; FAST BOY,,Extended Mix,Dance / Pop,130,Gb Major,G,Major,265846,4:25,October Records,2026-09-16,False,False,False
dance-pop,83,Till It's Over,3DDY,,Extended Mix,Dance / Pop,128,F Minor,F,Minor,300054,5:00,No Art,2026-08-26,False,False,False
dance-pop,84,Say Something,Sonny Fodera; Becky Hill,,Original Mix,Dance / Pop,98,E Minor,E,Minor,228947,3:48,SOLOTOKO,2026-08-21,False,False,False
dance-pop,85,Do You Mind,Kyla; DJ Paleface; Casnova,,Casnova Dub,Dance / Pop,133,Bb Minor,B,Minor,217147,3:37,Isekai Records,2026-06-11,False,False,False
dance-pop,86,Seratonin,James Hype,,Extended Mix,Dance / Pop,138,F Minor,F,Minor,194782,3:14,Universal-Island Records Ltd.,2026-05-15,False,False,False
dance-pop,87,WHERE IS MY HUSBAND!,David Guetta; Raye; Hypaton,,Extended Remix,Dance / Pop,128,C Minor,C,Minor,332789,5:32,Human Re Sources,2025-11-14,False,False,False
dance-pop,88,Talk of the Town,Sammy Virji; Fred again..; Reggie,,Original Mix,Dance / Pop,130,Gb Minor,G,Minor,193846,3:13,Atlantic Records UK,2025-11-03,False,False,True
dance-pop,89,Let Me Show You,Camisra; James Hype,,Extended Mix,Dance / Pop,132,Gb Major,G,Major,379090,6:19,Armada Music,2025-07-18,False,False,False
dance-pop,90,Don't Wake Me Up,James Hype,,Extended Mix,Dance / Pop,130,C Minor,C,Minor,322172,5:22,Universal-Island Records Ltd.,2025-03-21,False,False,False
dance-pop,91,WannaCry,Porter Robinson; Ninajirachi,,Extended Mix,Dance / Pop,136,D Major,D,Major,265056,4:25,NLV Records,2026-07-29,False,False,False
dance-pop,92,ENERGY,WhoMadeWho; GORDO (US),,Extended Mix,Dance / Pop,128,F Minor,F,Minor,302000,5:02,Maison Arts,2026-07-17,False,False,False
dance-pop,93,Feels Better,Westend,,Extended Mix,Dance / Pop,130,Bb Minor,B,Minor,299076,4:59,Trace Amounts,2026-07-03,False,False,False
dance-pop,94,Billie Jean,DJ Louis; Sweetpower,,Extended Mix,Dance / Pop,128,Gb Minor,G,Minor,233968,3:53,You Love Dance,2026-05-01,False,False,False
dance-pop,95,Somebody's Watching Me,Rockwell; LUCH,,Luch Extended Remix,Dance / Pop,124,Gb Minor,G,Minor,387096,6:27,UNI/MOTOWN,2026-01-16,False,False,False
dance-pop,96,I Wanna Go,Britney Spears,John Summit,John Summit Extended Remix,Dance / Pop,138,D Minor,D,Minor,260390,4:20,Experts Only,2025-10-17,False,False,False
dance-pop,97,Blessings,Calvin Harris; Clementine Douglas,,KETTAMA Remix,Dance / Pop,130,C Minor,C,Minor,277806,4:37,Columbia (Sony),2025-07-11,False,False,False
dance-pop,98,Saving Up,Dom Dolla,,Extended,Dance / Pop,130,Ab Major,A,Major,347556,5:47,Three Six Zero Recordings,2023-10-06,False,False,False
dance-pop,99,Finally,CeCe Peniston,,"12"" Choice Mix",Dance / Pop,120,B Minor,B,Minor,425066,7:05,A&M,1998-03-08,False,False,False
dance-pop,100,AEIOU,The Young Punx; Kryder; Oliver Heldens,,Extended Mix,Dance / Pop,128,D Minor,D,Minor,346054,5:46,Heldeep Records,2026-07-24,False,False,False
melodic-house-techno,1,Whisper To Me,Jimi Jules; Modern Tales,,Original Mix,Melodic House & Techno,125,G Minor,G,Minor,373038,6:13,Innervisions,2026-07-24,False,False,False
melodic-house-techno,2,Keep Up,Adam Beyer; Argy; Alok,,Extended Mix,Melodic House & Techno,132,D Minor,D,Minor,241818,4:01,RAVE THE WORLD,2026-09-04,False,False,False
melodic-house-techno,3,Love Is The Dance,Âme; RY X,Ivory (IT),Ivory Remix,Melodic House & Techno,126,D Minor,D,Minor,336289,5:36,Innervisions,2026-09-04,False,False,False
melodic-house-techno,4,Come To Life,Cassian; AR/CO,,Original Mix,Melodic House & Techno,130,D Major,D,Major,273403,4:33,tszr / Helix Records,2026-07-10,False,False,False
melodic-house-techno,5,Ghost Dance,Brunello,,Original Mix,Melodic House & Techno,125,C Minor,C,Minor,372480,6:12,Mellow Circus Records,2025-12-26,False,False,False
melodic-house-techno,6,The 11th Hour,Celia Babini; Brunello,,Original Mix,Melodic House & Techno,125,G Minor,G,Minor,433920,7:13,Mellow Circus Records,2026-07-24,False,False,False
melodic-house-techno,7,Here In My Arms (Enjoy The Silence),Armin van Buuren; Silver Panda,,Extended Mix,Melodic House & Techno,132,C Minor,C,Minor,310000,5:10,Armada Music,2026-07-10,False,False,False
melodic-house-techno,8,Waiting for You,Volkoder; Korolova,,Original Mix,Melodic House & Techno,128,G Major,G,Major,348750,5:48,Drumcode,2026-08-28,False,False,False
melodic-house-techno,9,Circus ,Jemi (CA),,Original Mix,Melodic House & Techno,122,G Major,G,Major,383606,6:23,Magnifik Music,2026-09-11,False,False,False
melodic-house-techno,10,Other Dimension,Volkoder; Anyma (ofc),,Extended Mix,Melodic House & Techno,128,G Major,G,Major,309492,5:09,ÆDEN RECORDS,2026-08-14,False,False,False
melodic-house-techno,11,Science Fiction,Brunello,,Original Mix,Melodic House & Techno,127,D Minor,D,Minor,396851,6:36,Mellow Circus Records,2026-03-06,False,False,False
melodic-house-techno,12,March,Goom Gum,,Extended Mix,Melodic House & Techno,129,Gb Minor,G,Minor,320528,5:20,Armind (Armada),2026-09-11,False,False,False
melodic-house-techno,13,Possibility,Juan Brizuela; Rem Siman,,Original Mix,Melodic House & Techno,127,E Major,E,Major,418235,6:58,Diynamic,2026-08-28,False,False,False
melodic-house-techno,14,Closer (Adriatique x GENESI),Adriatique; Emmit Fenn; GENESI (ITA),,Extended Mix,Melodic House & Techno,128,G Major,G,Major,368673,6:08,X Recordings,2026-08-07,False,False,False
melodic-house-techno,15,Move (feat. Malachiii),Adam Port; Keinemusik; Stryv; Malachiii,,Extended Mix,Melodic House & Techno,120,Ab Minor,A,Minor,352674,5:52,Keinemusik,2024-06-07,False,False,False
melodic-house-techno,16,I See U,HotLap,,Original Mix,Melodic House & Techno,122,F Major,F,Major,380105,6:20,Siamese,2026-06-12,False,False,False
melodic-house-techno,17,Sequences,John B; Solee; Iorie; Township Rebellion,,Extended Mix,Melodic House & Techno,124,B Major,B,Major,342827,5:42,HILOMATIK,2026-08-28,False,False,False
melodic-house-techno,18,In the Moment,RÜFÜS DU SOL,Adriatique,Adriatique Extended Remix,Melodic House & Techno,124,Bb Minor,B,Minor,312077,5:12,Rose Avenue/Reprise,2025-04-04,False,False,False
melodic-house-techno,19,Barababa,Tony Shades; AVÖ (PT); Sauaro; Andrew Aoun,,Original Mix,Melodic House & Techno,123,E Major,E,Major,343414,5:43,Radiate Records,2026-08-21,False,False,False
melodic-house-techno,20,The Rapture Pt.III,&ME; Black Coffee; Keinemusik,,Original Mix,Melodic House & Techno,120,E Minor,E,Minor,482226,8:02,Keinemusik,2023-06-09,False,False,False
melodic-house-techno,21,7 Days,Kevin de Vries; Meduza,,Extended Mix,Melodic House & Techno,128,Bb Major,B,Major,326250,5:26,Tomorrowland Music,2026-08-07,False,False,False
melodic-house-techno,22,More Pressure,Kiko; Olivier Giacomotto,,Original Mix,Melodic House & Techno,128,F Major,F,Major,300937,5:00,Watergate Records,2026-09-11,False,False,False
melodic-house-techno,23,Murda,Argy; 7 SKIES,,Extended Mix,Melodic House & Techno,128,Ab Major,A,Major,247500,4:07,ÆDEN RECORDS,2026-08-28,False,False,False
melodic-house-techno,24,Sweet Disposition,The Temper Trap,John Summit; Silver Panda,John Summit & Silver Panda Extended Remix,Melodic House & Techno,126,B Minor,B,Minor,344781,5:44,Experts Only,2024-01-26,False,False,False
melodic-house-techno,25,Raider on the Storm,Solomun; Inez,,Original Mix,Melodic House & Techno,128,Ab Major,A,Major,328896,5:28,Diynamic,2026-08-07,False,False,False
melodic-house-techno,26,SAME MAN ,Yulia Niko; Prana Flow; True Motion,,Extended Mix,Melodic House & Techno,124,F Minor,F,Minor,420000,7:00,AXEPT,2026-06-05,False,False,False
melodic-house-techno,27,Shake,Kiko; Olivier Giacomotto,,Original Mix,Melodic House & Techno,128,D Major,D,Major,304687,5:04,Watergate Records,2026-09-11,False,False,False
melodic-house-techno,28,No Good,Stylo; Anyma (ofc),,Extended Mix,Melodic House & Techno,130,C Minor,C,Minor,216519,3:36,ÆDEN RECORDS,2026-08-28,False,False,False
melodic-house-techno,29,Love Parade,Da Hool; Cassian; YOTTO,,Extended Mix,Melodic House & Techno,128,D Major,D,Major,249433,4:09,Afterlife Records,2025-09-19,False,False,False
melodic-house-techno,30,Sing It Back,Laherte,,Extended Mix,Melodic House & Techno,128,Eb Minor,E,Minor,311308,5:11,CIRCA Recordings.,2026-08-14,False,False,False
melodic-house-techno,31,Yosemite,Interplanetary Criminal; Kettama,,Extended,Melodic House & Techno,144,Ab Major,A,Major,362500,6:02,Steel City Dance Discs,2024-12-13,False,False,False
melodic-house-techno,32,Air Traffic,Three Drives; Three Drives On A Vinyl,Cafius,Cafius Extended Remix,Melodic House & Techno,134,Gb Major,G,Major,294032,4:54,Armada Captivating,2026-09-11,False,False,False
melodic-house-techno,33,Doin' It All For The Culture ,LUCH,,Original Mix,Melodic House & Techno,123,E Major,E,Major,343414,5:43,Human By Default,2026-07-24,False,False,False
melodic-house-techno,34,Runway,V.VALENTINA; Redhead Queen,,Original Mix,Melodic House & Techno,122,E Minor,E,Minor,299016,4:59,HYPECUE,2026-09-11,False,False,False
melodic-house-techno,35,Atoma,Anyma (ofc),,Extended Mix,Melodic House & Techno,130,Eb Major,E,Major,222461,3:42,ÆDEN RECORDS,2026-08-28,False,False,False
melodic-house-techno,36,Pjanoo,Eric Prydz,,Club Mix,Melodic House & Techno,126,G Minor,G,Minor,450912,7:30,Pryda Presents,2008-08-29,False,False,False
melodic-house-techno,37,Olahni,Robag Wruhme,,Original Mix,Melodic House & Techno,128,Gb Major,G,Major,396758,6:36,Cocoon Recordings,2026-08-21,False,False,False
melodic-house-techno,38,Recall,HotLap,,Extended Mix,Melodic House & Techno,122,E Major,E,Major,348443,5:48,One Seven Music,2026-04-10,False,False,False
melodic-house-techno,39,Dance Baby,Liva K; HotLap,,Original Mix,Melodic House & Techno,123,C Minor,C,Minor,407804,6:47,Abracadabra Music,2026-07-24,False,False,False
melodic-house-techno,40,90s,Liva K,,Extended Mix,Melodic House & Techno,123,Gb Major,G,Major,407083,6:47,MAHOOL,2026-09-03,False,False,False
melodic-house-techno,41,Window Shake,Argy; SOLANCE,,Original Mix,Melodic House & Techno,129,Eb Major,E,Major,298604,4:58,NEWORLD,2026-07-24,False,False,False
melodic-house-techno,42,Darkest Nights,Clemente; Yamil,Andhim,andhim Remix,Melodic House & Techno,123,F Minor,F,Minor,396503,6:36,Essential Part,2026-07-24,False,False,False
melodic-house-techno,43,Selekta,Tuggawar; Vintage Culture; Kevin Brauer,,Extended,Melodic House & Techno,130,A Major,A,Major,297230,4:57,AFFAIRS,2026-08-28,False,False,False
melodic-house-techno,44,Short Stop,Matt Sassari; HNTR,,Extended Mix,Melodic House & Techno,130,Eb Minor,E,Minor,325280,5:25,MADMINDS,2026-08-14,False,False,False
melodic-house-techno,45,Not Exactly,deadmau5; Rinzen,,Rinzen Remix Extended,Melodic House & Techno,128,F Major,F,Major,302120,5:02,mau5trap,2026-06-19,False,False,False
melodic-house-techno,46,UH HUH,LUCH,,Original Mix,Melodic House & Techno,123,D Major,D,Major,405914,6:45,Gozar Records,2026-02-06,False,False,False
melodic-house-techno,47,More Love,Moderat; &ME; Rampa; Keinemusik,&ME; Rampa,Rampa &ME Remix,Melodic House & Techno,122,B Minor,B,Minor,442746,7:22,Keinemusik,2023-10-27,False,False,False
melodic-house-techno,48,Buka ,Cherry (UA),,Extended Mix,Melodic House & Techno,127,D Major,D,Major,328828,5:28,Captive Soul,2026-08-14,False,False,False
melodic-house-techno,49,You Gonna Want Me (I Know),Tiga; Meduza,,Extended Mix,Melodic House & Techno,128,Bb Major,B,Major,321875,5:21,Armada Music,2025-11-14,False,False,False
melodic-house-techno,50,Every Night,Max Styler; Deomid,,Original Mix,Melodic House & Techno,128,G Minor,G,Minor,356250,5:56,Diynamic,2025-08-29,False,False,False
melodic-house-techno,51,Imaginary Voyage,Denis Horvat,,Original Mix,Melodic House & Techno,124,Bb Minor,B,Minor,245877,4:05,Nervous Records,2026-09-11,False,False,False
melodic-house-techno,52,Heart Spin ,JUNO (DE); Samm (BE),,Original Mix,Melodic House & Techno,120,B Major,B,Major,356000,5:56,Magnifik Music,2026-05-29,False,False,False
melodic-house-techno,53,Surrender,Wave Wave,,Original Mix,Melodic House & Techno,129,Ab Major,A,Major,305184,5:05,Diynamic,2026-08-21,False,False,False
melodic-house-techno,54,333 (Extended),Super Flu; Peace Control; Eric Reyes,,Original Mix,Melodic House & Techno,124,A Minor,A,Minor,406459,6:46,Didschn,2026-07-31,False,False,False
melodic-house-techno,55,Burnin’,Mosoo; Samm (BE),,Original Mix,Melodic House & Techno,121,G Major,G,Major,416664,6:56,VOD,2026-07-17,False,False,False
melodic-house-techno,56,Toxic,Vintage Culture; DEPARTAMENTO,,Extended,Melodic House & Techno,125,C Minor,C,Minor,384855,6:24,AFFAIRS,2026-07-03,False,False,False
melodic-house-techno,57,At Night,Shakedown; Layton Giordani; Anyma (ofc),Anyma (ofc),Anyma x Layton Giordani Extended Remix,Melodic House & Techno,127,F Major,F,Major,275905,4:35,Defected,2025-06-27,False,False,False
melodic-house-techno,58,OH MY!,Kryder,,Extended Mix,Melodic House & Techno,128,Bb Minor,B,Minor,333750,5:33,SIZE Records,2026-09-04,False,False,False
melodic-house-techno,59,Attract ,Ajna (BE); Samm (BE),,Original Mix,Melodic House & Techno,123,D Minor,D,Minor,409756,6:49,Magnifik Music,2026-06-19,False,False,False
melodic-house-techno,60,Turn On The Lights again.. (feat. Future & Fred again..),Future; Swedish House Mafia; Fred again..,Anyma (ofc),feat. Future & Fred again..,Melodic House & Techno,126,Gb Minor,G,Minor,301052,5:01,Atlantic Records UK,2022-09-12,False,False,False
melodic-house-techno,61,Tell Me Why,Supermode,Meduza,MEDUZA Extended Remix,Melodic House & Techno,126,B Major,B,Major,508690,8:28,Axtone Records,2022-09-02,False,False,False
melodic-house-techno,62,Mission,Humans Musik,,Original Mix,Melodic House & Techno,128,Bb Major,B,Major,309821,5:09,Simulate Recordings,2026-09-11,False,False,False
melodic-house-techno,63,Prophecy,Baset; Anyma (ofc); 19:26,,Extended Mix,Melodic House & Techno,130,F Major,F,Major,269538,4:29,ÆDEN RECORDS,2026-08-28,False,False,False
melodic-house-techno,64,Take You There,ARTBAT; SIX40TWO,,Original Mix,Melodic House & Techno,127,C Major,C,Major,244251,4:04,UPPERGROUND,2026-06-19,False,False,False
melodic-house-techno,65,Hearts ,Budakid,Argia,Argia Remix,Melodic House & Techno,123,D Minor,D,Minor,380000,6:20,Flores,2026-09-10,False,False,False
melodic-house-techno,66,The Only One ,Bedouin; Karl Williams; LUCH,,Original Mix,Melodic House & Techno,122,D Minor,D,Minor,409180,6:49,Human By Default,2026-05-15,False,False,False
melodic-house-techno,67,No Rules,Notre Dame,,Original Mix,Melodic House & Techno,124,Ab Major,A,Major,344462,5:44,Diynamic,2026-05-01,False,False,False
melodic-house-techno,68,Hot Sauce,Kapuchon; Miss Monique; GLZ,,Extended,Melodic House & Techno,129,Gb Major,G,Major,336097,5:36,AETERNA Records,2026-05-01,False,False,False
melodic-house-techno,69,Ciento,TH;EN,,Original Mix,Melodic House & Techno,126,Gb Major,G,Major,324285,5:24,NOW,2026-08-07,False,False,False
melodic-house-techno,70,Trippy Yeah,Black Coffee; Jimi Jules,,Original Mix,Melodic House & Techno,123,A Major,A,Major,400405,6:40,Innervisions,2025-06-27,False,False,False
melodic-house-techno,71,What To Do,Guy Gerber,&ME,&ME Remix,Melodic House & Techno,122,C Minor,C,Minor,504590,8:24,Rumors,2018-10-26,False,False,False
melodic-house-techno,72,Therapy,Glowal; SQU4RE,,Extended Mix,Melodic House & Techno,128,A Major,A,Major,303750,5:03,Siona Records,2026-09-11,False,False,False
melodic-house-techno,73,My Mind ,Fahlberg,,Original Mix,Melodic House & Techno,124,Db Minor,D,Minor,406453,6:46,No One Around,2026-09-11,False,False,False
melodic-house-techno,74,Good as You Are,Adri; Tim van Werd,,Extended Mix,Melodic House & Techno,123,G Minor,G,Minor,375731,6:15,Purified Records,2026-09-11,False,False,False
melodic-house-techno,75,Taka Taka,Rivo; Doriann (IL),,Extended Mix,Melodic House & Techno,128,C Major,C,Major,280312,4:40,Tomorrowland Music,2026-09-04,False,False,False
melodic-house-techno,76,Confused,Super Flu; Monkey Safari,,Original Mix,Melodic House & Techno,120,Bb Minor,B,Minor,352500,5:52,Good Vibes From Paradise,2026-08-28,False,False,False
melodic-house-techno,77,Rock A Lott,Frankey & Sandrino,,Original Mix,Melodic House & Techno,123,C Minor,C,Minor,350374,5:50,Mule Musiq,2026-08-14,False,False,False
melodic-house-techno,78,Coming Home,Adriatique; Rhys from the Sticks,,Extended Mix,Melodic House & Techno,126,F Minor,F,Minor,281929,4:41,X Recordings,2026-07-10,False,False,False
melodic-house-techno,79,Feel So Right,KIMONOS; Josh Gigante,,Original Mix,Melodic House & Techno,124,Gb Minor,G,Minor,312403,5:12,tszr,2026-04-10,False,False,False
melodic-house-techno,80,Hold On,Eelke Kleijn,,Extended Mix,Melodic House & Techno,129,F Major,F,Major,336744,5:36,DAYS like NIGHTS,2026-09-11,False,False,False
melodic-house-techno,81,Blow ,Matt Fax,,Original Mix,Melodic House & Techno,126,F Minor,F,Minor,354285,5:54,Spectrum (NL),2026-09-11,False,False,False
melodic-house-techno,82,One,Lily Papas; Planet Of Souls,PROFF,PROFF Extended Reshuffle,Melodic House & Techno,124,B Minor,B,Minor,527419,8:47,Anjunachill,2026-09-07,False,False,False
melodic-house-techno,83,WANGA,Mosoo; Deco (BE),,Extended Mix,Melodic House & Techno,120,Ab Minor,A,Minor,372000,6:12,MoBlack Records,2026-09-04,False,False,False
melodic-house-techno,84,My Only Crime ,Ali Love; Bedouin; Nandu; Karl Williams,,Original Mix,Melodic House & Techno,123,B Major,B,Major,314146,5:14,Human By Default,2026-08-21,False,False,False
melodic-house-techno,85,Crossing,HotLap,,Extended Mix,Melodic House & Techno,122,D Major,D,Major,363934,6:03,Global Underground,2026-08-07,False,False,False
melodic-house-techno,86,We Are The People,Empire Of The Sun,ARTBAT,ARTBAT Extended Remix,Melodic House & Techno,125,E Minor,E,Minor,414720,6:54,EMI Music Australia,2024-12-06,False,False,False
melodic-house-techno,87,Return to Oz,Monolink,ARTBAT,ARTBAT Remix,Melodic House & Techno,124,D Minor,D,Minor,480000,8:00,Embassy One,2019-05-17,False,False,False
melodic-house-techno,88,Habits ,Matt Fax,,Original Mix,Melodic House & Techno,125,Ab Minor,A,Minor,414720,6:54,Spectrum (NL),2026-09-11,False,False,False
melodic-house-techno,89,Pressure ,ZARO; Gabe,,Extended Mix,Melodic House & Techno,126,G Major,G,Major,354285,5:54,Terms & Conditions Records,2026-09-04,False,False,False
melodic-house-techno,90,Physique ,Glowal; DREYA V,,Extended Mix,Melodic House & Techno,126,G Minor,G,Minor,304761,5:04,Captive Soul,2026-08-28,False,False,False
melodic-house-techno,91,Fumaxohn,Robag Wruhme,,Original Mix,Melodic House & Techno,127,Ab Minor,A,Minor,322259,5:22,Cocoon Recordings,2026-08-21,False,False,False
melodic-house-techno,92,Muralli ,JUNO (DE); Samm (BE),,Original Mix,Melodic House & Techno,122,Bb Minor,B,Minor,299016,4:59,Magnifik Music,2026-05-29,False,False,False
melodic-house-techno,93,Aria,Argy; Omnya (official),,Extended Mix,Melodic House & Techno,122,C Major,C,Major,314754,5:14,Afterlife Records,2023-09-22,False,False,False
melodic-house-techno,94,The Key,Christian Corsi,,Extended Mix,Melodic House & Techno,126,C Major,C,Major,355120,5:55,Aetheris Records,2026-09-04,False,False,False
melodic-house-techno,95,Baddies Going Out ,BYOR,,Extended Mix,Melodic House & Techno,132,E Major,E,Major,210909,3:30,Catch & Release,2026-08-21,False,False,False
melodic-house-techno,96,From The Inside,Chasing Kurt,Reznik (DE),Reznik Extended Remix,Melodic House & Techno,122,C Minor,C,Minor,459391,7:39,Defected,2026-07-17,False,False,False
melodic-house-techno,97,Be The One,Adam Port; Keinemusik; SG Lewis,,Extended,Melodic House & Techno,123,F Minor,F,Minor,285000,4:45,Keinemusik,2026-04-24,False,False,False
melodic-house-techno,98,Jump,Maxim Lany,,Extended,Melodic House & Techno,126,E Major,E,Major,339052,5:39,AETERNA Records,2026-09-11,False,False,False
melodic-house-techno,99,Take It All,Humans Musik,,Original Mix,Melodic House & Techno,128,Eb Major,E,Major,295664,4:55,Simulate Recordings,2026-09-11,False,False,False
melodic-house-techno,100,The Moment,Kiko; Olivier Giacomotto,,Original Mix,Melodic House & Techno,127,E Major,E,Major,333543,5:33,MAHOOL,2026-08-13,False,False,False
minimal-deep-tech,1,Misery,Rossi.,,Original Mix,Minimal / Deep Tech,131,D Minor,D,Minor,279923,4:39,ROSSI.HOME//GRXWN.,2026-09-11,False,False,False
minimal-deep-tech,2,Breaking Point ,Josh Baker,,Original Mix,Minimal / Deep Tech,132,Gb Minor,G,Minor,307598,5:07,You&Me Records,2026-08-28,False,False,False
minimal-deep-tech,3,Feel The Same ,Jeff Sorkowitz,,Original Mix,Minimal / Deep Tech,129,C Major,C,Major,327616,5:27,Short Circuit,2026-09-04,False,False,False
minimal-deep-tech,4,Can You Feel The Bass ,The Base Boys; Local Dub,,Local Dub Remix,Minimal / Deep Tech,130,D Minor,D,Minor,385861,6:25,You&Me Records,2026-09-11,False,False,True
minimal-deep-tech,5,Disco Jungle ,Crewcutz,,Extended Mix,Minimal / Deep Tech,130,E Major,E,Major,384590,6:24,Solid Grooves Raw,2026-09-11,False,False,False
minimal-deep-tech,6,Work It,SEBS,,extended mix,Minimal / Deep Tech,130,E Minor,E,Minor,356192,5:56,Atlantic Records UK,2026-06-08,False,False,False
minimal-deep-tech,7,Positive,Jamback,,Extended Mix,Minimal / Deep Tech,130,F Major,F,Major,361875,6:01,CircoLoco Records,2025-11-07,False,False,False
minimal-deep-tech,8,House With Acres ,Capo Lee; Josh Baker,,Original Mix,Minimal / Deep Tech,135,Bb Minor,B,Minor,288326,4:48,You&Me Records,2026-08-28,False,False,False
minimal-deep-tech,9,Trust Me feat. Ben Westbeech ,Ben Westbeech; Dunmore Brothers,,Original Mix,Minimal / Deep Tech,126,B Major,B,Major,320655,5:20,Solid Grooves Records,2026-05-08,False,False,False
minimal-deep-tech,10,Your Star ,Anabel Englund; Josh Baker,,Original Mix,Minimal / Deep Tech,130,Ab Major,A,Major,324089,5:24,You&Me Records,2026-08-28,False,False,False
minimal-deep-tech,11,Move Shake,Jeff Sorkowitz,,Extended Mix,Minimal / Deep Tech,128,C Major,C,Major,320742,5:20,IN / ROTATION (Insomniac Records),2026-07-07,False,False,False
minimal-deep-tech,12,Breath ,LondonGround,,Original Mix,Minimal / Deep Tech,128,A Minor,A,Minor,333750,5:33,SIGHT RECORDS,2025-10-31,False,False,False
minimal-deep-tech,13,The Clown's Corridor,Brunello; Connan,,Original Mix,Minimal / Deep Tech,127,B Major,B,Major,351967,5:51,Mellow Circus Records,2024-08-30,False,False,False
minimal-deep-tech,14,To The Moo,Stef Davidse,,Extended Mix,Minimal / Deep Tech,132,Db Minor,D,Minor,349690,5:49,Factory 93 Records,2026-08-14,False,False,False
minimal-deep-tech,15,Like Tha,DMC (UK),,Extended Mix,Minimal / Deep Tech,130,A Minor,A,Minor,399230,6:39,Subsoil Records,2026-07-31,False,False,False
minimal-deep-tech,16,Lets Get High ,Michael Bibi,,Extended Mix,Minimal / Deep Tech,130,D Minor,D,Minor,276923,4:36,Solid Grooves Records,2026-06-03,False,False,False
minimal-deep-tech,17,Saucy One,White Off,,Original Mix,Minimal / Deep Tech,130,A Major,A,Major,357030,5:57,DPE,2026-09-11,False,False,False
minimal-deep-tech,18,Good Life,ALISHA; Inner City,,Extended Mix,Minimal / Deep Tech,132,B Minor,B,Minor,365454,6:05,Armada Music,2026-04-24,False,False,False
minimal-deep-tech,19,Get Stupid,Julian Fijma,,Original Mix,Minimal / Deep Tech,130,Eb Major,E,Major,336000,5:36,tszr,2025-08-08,False,False,False
minimal-deep-tech,20,Ah Ah Ah,Robbie Doherty,,Extended Mix,Minimal / Deep Tech,136,Gb Minor,G,Minor,374115,6:14,R.DOC,2026-07-24,False,False,False
minimal-deep-tech,21,On Lock ,Javi Miramontes,,Original Mix,Minimal / Deep Tech,128,Gb Major,G,Major,300000,5:00,DOSMUNDOS,2026-06-26,False,False,False
minimal-deep-tech,22,Whatchagonnado,Franky Rizardo,,Original Mix,Minimal / Deep Tech,128,Db Major,D,Major,277500,4:37,LTF Records,2023-02-24,False,False,False
minimal-deep-tech,23,No Hesitating,Joe Rolét,Max Dean,Max Dean Remix,Minimal / Deep Tech,130,Db Major,D,Major,308961,5:08,Hot Creations,2026-02-06,False,False,False
minimal-deep-tech,24,Rush ,Ryan Nicholls,,Original Mix,Minimal / Deep Tech,132,Eb Minor,E,Minor,306639,5:06,Eastenderz,2026-06-19,False,False,False
minimal-deep-tech,25,Secrets ,DumitrEscu,,Extended Mix,Minimal / Deep Tech,128,Eb Major,E,Major,390937,6:30,Solid Grooves Records,2026-07-31,False,False,False
minimal-deep-tech,26,Reaction ,Local Dub,,Original Mix,Minimal / Deep Tech,130,Eb Minor,E,Minor,326794,5:26,You&Me Records,2026-09-07,False,False,False
minimal-deep-tech,27,Illusions,Brunello,,Original Mix,Minimal / Deep Tech,95,Db Minor,D,Minor,411968,6:51,Mellow Circus Records,2025-10-24,False,False,False
minimal-deep-tech,28,No Joke ,Ben Griff,,Original Mix,Minimal / Deep Tech,132,Eb Major,E,Major,349091,5:49,WYLD,2026-09-04,False,False,False
minimal-deep-tech,29,Combination Style ,3iZ; Vybz Intel,,Original Mix,Minimal / Deep Tech,130,G Major,G,Major,328000,5:28,Dunia,2026-09-04,False,False,False
minimal-deep-tech,30,Red Room,Discip,,Extended Mix,Minimal / Deep Tech,130,C Minor,C,Minor,310153,5:10,Metamorfosi Records,2026-07-17,False,False,False
minimal-deep-tech,31,Poppin' In Tha Club ,Local Dub,,Original Mix,Minimal / Deep Tech,130,G Major,G,Major,312015,5:12,You&Me Records,2026-09-07,False,False,False
minimal-deep-tech,32,What You Going To Do ,Bruno Laurindo,,Original Mix,Minimal / Deep Tech,128,B Minor,B,Minor,450195,7:30,Mood Child,2026-09-11,False,False,False
minimal-deep-tech,33,Moon Walker ,Oxy; Rares Gherman,,Extended Mix,Minimal / Deep Tech,130,G Major,G,Major,356000,5:56,Sersa Records,2026-09-11,False,False,False
minimal-deep-tech,34,That Kick ,Abel Budding,,Original Mix,Minimal / Deep Tech,134,D Major,D,Major,346479,5:46,UNLISH,2026-09-04,False,False,False
minimal-deep-tech,35,Bodu Imchi,Nachtbraker,,Original Mix,Minimal / Deep Tech,128,F Major,F,Major,337057,5:37,Up The Stuss,2026-09-04,False,False,False
minimal-deep-tech,36,XTC,Mike Morrisey; BLND (UK),,Extended Mix,Minimal / Deep Tech,132,C Minor,C,Minor,350571,5:50,Metamorfosi Records,2026-08-07,False,False,False
minimal-deep-tech,37,Hold On Fuck That ,Daniel Insogna; AJK (US),,Original Mix,Minimal / Deep Tech,130,Gb Major,G,Major,384332,6:24,SK LAB,2024-10-11,False,False,False
minimal-deep-tech,38,My Baby,Axle; Jess Morgan,,Extended,Minimal / Deep Tech,132,F Major,F,Major,339734,5:39,blanc,2026-08-26,False,False,False
minimal-deep-tech,39,Disco Cha Cha,Damelo,,Original Mix,Minimal / Deep Tech,128,C Minor,C,Minor,359971,5:59,Deeperfect,2024-11-01,False,False,False
minimal-deep-tech,40,Feel The Beat ,Paul C,,Original Mix,Minimal / Deep Tech,129,Ab Major,A,Major,357209,5:57,Libero Records,2026-08-20,False,False,False
minimal-deep-tech,41,De La Buena ,Toman,,Original Mix,Minimal / Deep Tech,130,Gb Minor,G,Minor,340042,5:40,HIGH CEILINGS,2026-07-01,False,False,False
minimal-deep-tech,42,Face Bass ,East End Dubs; Di Chiara Brothers,,Original Mix,Minimal / Deep Tech,133,Eb Major,E,Major,324812,5:24,Eastenderz,2026-05-01,False,False,False
minimal-deep-tech,43,Killa ,Jimi Latifi,,Original Mix,Minimal / Deep Tech,132,A Minor,A,Minor,383673,6:23,Dionysus Records,2026-03-27,False,False,False
minimal-deep-tech,44,Pentho,Robag Wruhme,,Original Mix,Minimal / Deep Tech,127,Ab Minor,A,Minor,345743,5:45,Cocoon Recordings,2026-08-21,False,False,False
minimal-deep-tech,45,Drifting ,Danny Snowden,,Original Mix,Minimal / Deep Tech,131,E Minor,E,Minor,385648,6:25,UNLISH,2026-08-07,False,False,False
minimal-deep-tech,46,Tunnel Vision ,Abel Budding,,Original Mix,Minimal / Deep Tech,133,Gb Major,G,Major,335639,5:35,UNLISH,2026-09-04,False,False,False
minimal-deep-tech,47,Anaconda ,Beltran (BR),,Original Mix,Minimal / Deep Tech,133,F Minor,F,Minor,274580,4:34,Beltools Records,2026-06-26,False,False,False
minimal-deep-tech,48,Rock Your Body ,Jimi Latifi,,Original Mix,Minimal / Deep Tech,135,D Major,D,Major,361804,6:01,Lost Culture,2026-05-08,False,False,False
minimal-deep-tech,49,Excuse Me? ,Ranger Trucco; Nate Katz,,Original Mix,Minimal / Deep Tech,129,B Minor,B,Minor,342325,5:42,range.,2026-03-12,False,False,False
minimal-deep-tech,50,Ompo,Nachtbraker,,Original Mix,Minimal / Deep Tech,132,A Major,A,Major,327642,5:27,Up The Stuss,2026-09-04,False,False,False
minimal-deep-tech,51,Fascination ,Cam Stockman,,Original Mix,Minimal / Deep Tech,130,D Minor,D,Minor,387060,6:27,neXup recz,2026-04-17,False,False,False
minimal-deep-tech,52,We Like To Party,Jordan Brando,,Original Mix,Minimal / Deep Tech,132,D Minor,D,Minor,363636,6:03,Dark Side Of The Sun,2024-03-07,False,False,False
minimal-deep-tech,53,Own Me,Marco Consonni,,Extended,Minimal / Deep Tech,128,Eb Major,E,Major,345029,5:45,GDB RECORDS,2026-07-29,False,False,False
minimal-deep-tech,54,So Good ,GENNARO,,Heat Mix,Minimal / Deep Tech,129,C Minor,C,Minor,476065,7:56,Solid Grooves Records,2024-07-12,False,False,False
minimal-deep-tech,55,System (VIP),Blaise Bracic,,Extended Mix,Minimal / Deep Tech,128,G Major,G,Major,303750,5:03,ABODE Records,2026-06-26,False,False,False
minimal-deep-tech,56,I Don't Even Love You,Teedee,,Original Mix,Minimal / Deep Tech,131,D Minor,D,Minor,322442,5:22,Hyperactive World,2025-12-19,False,False,False
minimal-deep-tech,57,Abotha ,Benno Blome,Mihai Popoviciu,Mihai Popoviciu Remix,Minimal / Deep Tech,122,A Minor,A,Minor,409259,6:49,Bar 25 Music,2025-10-15,False,False,False
minimal-deep-tech,58,FEEL THE MUSIC,Jamback,,Original Mix,Minimal / Deep Tech,130,F Major,F,Major,388124,6:28,BOX RED,2024-03-01,False,False,False
minimal-deep-tech,59,Bit Naughty ,Oxy,,Extended Mix,Minimal / Deep Tech,130,F Minor,F,Minor,325500,5:25,Sersa Records,2026-09-11,False,False,False
minimal-deep-tech,60,What I Want ,VITO (UK),,Original Mix,Minimal / Deep Tech,128,F Minor,F,Minor,363750,6:03,Cocoa,2026-05-15,False,False,False
minimal-deep-tech,61,Shake Your Body ,ALISHA; Julian Fijma,,Original Mix,Minimal / Deep Tech,131,G Minor,G,Minor,382900,6:22,neXup recz,2025-10-31,False,False,False
minimal-deep-tech,62,PlayBooyz,Fer BR,,Original Mix,Minimal / Deep Tech,127,G Major,G,Major,394726,6:34,MUSE,2024-12-27,False,False,False
minimal-deep-tech,63,The Rider,RUZE,,Original Mix,Minimal / Deep Tech,129,D Minor,D,Minor,342790,5:42,range.,2024-10-17,False,False,False
minimal-deep-tech,64,For The Ladies ,Jamback,,Extended Mix,Minimal / Deep Tech,65,B Minor,B,Minor,314769,5:14,Solid Grooves Records,2026-06-03,False,False,False
minimal-deep-tech,65,Digital Soul (Freak),Aitor Astiz,,Original Mix,Minimal / Deep Tech,128,C Major,C,Major,289112,4:49,Hottrax,2026-05-22,False,False,False
minimal-deep-tech,66,Dirty Baby,The BeatBoy's,,Original Mix,Minimal / Deep Tech,130,E Minor,E,Minor,354461,5:54,Ibiza Talents Records,2026-09-11,False,False,False
minimal-deep-tech,67,Space Runner ,Oxy,,Extended Mix,Minimal / Deep Tech,131,E Major,E,Major,322442,5:22,Sersa Records,2026-09-11,False,False,False
minimal-deep-tech,68,Need U,Funk Cartel,,Extended Mix,Minimal / Deep Tech,128,D Minor,D,Minor,361475,6:01,Metamorfosi Records,2026-03-27,False,False,False
minimal-deep-tech,69,Can't Resist,Jamback,,Original Mix,Minimal / Deep Tech,65,F Major,F,Major,374769,6:14,ROSSI.HOME//GRXWN.,2025-09-05,False,False,False
minimal-deep-tech,70,Im So Wavy,Jay de Lys,,Original Mix,Minimal / Deep Tech,129,F Major,F,Major,349971,5:49,Deeperfect,2024-07-12,False,False,False
minimal-deep-tech,71,Messan,Jansons,,Original Mix,Minimal / Deep Tech,128,A Major,A,Major,360737,6:00,PIV,2023-05-26,False,False,False
minimal-deep-tech,72,Pitch Black ,Nacho Marco,Steve Bug,Steve Bug Remix,Minimal / Deep Tech,78,A Minor,A,Minor,436044,7:16,Phonogramme,2026-09-04,False,False,False
minimal-deep-tech,73,Bathing,Nachtbraker,,Original Mix,Minimal / Deep Tech,130,E Major,E,Major,373718,6:13,Up The Stuss,2026-09-04,False,False,False
minimal-deep-tech,74,Get Ready ,Sera De Villalta; Souler (ES),,Original Mix,Minimal / Deep Tech,129,G Minor,G,Minor,360325,6:00,elrow Limited,2025-09-19,False,False,False
minimal-deep-tech,75,4 Ya Mind ,AYYBO; Discip,,Original Mix,Minimal / Deep Tech,128,C Major,C,Major,330368,5:30,Solid Grooves Records,2025-09-19,False,False,False
minimal-deep-tech,76,Sally ,George Smeddles,,Original Mix,Minimal / Deep Tech,132,Gb Minor,G,Minor,323636,5:23,range.,2025-07-31,False,False,False
minimal-deep-tech,77,Straight Through,Ninetree,,Original Mix,Minimal / Deep Tech,129,A Major,A,Major,360000,6:00,Tamango Records,2025-07-04,False,False,False
minimal-deep-tech,78,Demon Time,AYYBO,,Extended Mix,Minimal / Deep Tech,127,E Major,E,Major,318011,5:18,GDB RECORDS,2025-01-17,False,False,False
minimal-deep-tech,79,Paradise,Bassel Darwish,,Original Mix,Minimal / Deep Tech,127,F Major,F,Major,365541,6:05,Distance Music,2024-05-16,False,False,False
minimal-deep-tech,80,La Groove ,Oxy,,Extended Mix,Minimal / Deep Tech,130,E Major,E,Major,340615,5:40,Sersa Records,2026-09-11,False,False,False
minimal-deep-tech,81,Hyper Rave ,Sidney Charles,,Original Mix,Minimal / Deep Tech,132,F Minor,F,Minor,356363,5:56,Heavy House Society,2025-11-14,False,False,False
minimal-deep-tech,82,Seguimos,Toman,,Original Mix,Minimal / Deep Tech,128,Ab Minor,A,Minor,450560,7:30,HIGH CEILINGS,2025-05-23,False,False,False
minimal-deep-tech,83,Peekaboo,Crewcutz,,Original Mix,Minimal / Deep Tech,130,G Major,G,Major,326769,5:26,Solid Grooves Records,2025-02-28,False,False,False
minimal-deep-tech,84,Searching,East End Dubs; Wheats,,Original Mix,Minimal / Deep Tech,130,G Major,G,Major,406153,6:46,Solid Grooves Records,2024-11-01,False,False,False
minimal-deep-tech,85,Nesrib,BURAK SIS,,2019 Remaster,Minimal / Deep Tech,128,A Minor,A,Minor,484141,8:04,Cecille,2019-10-11,False,False,False
minimal-deep-tech,86,Off Life,Artslaves; White Off,,Original Mix,Minimal / Deep Tech,128,F Minor,F,Minor,330000,5:30,Moan,2026-09-04,False,False,False
minimal-deep-tech,87,Free Pick,Artslaves; White Off,,Original Mix,Minimal / Deep Tech,132,Bb Major,B,Major,337500,5:37,Moan,2026-09-04,False,False,False
minimal-deep-tech,88,Fade Away ,Ninetree,,Original Mix,Minimal / Deep Tech,130,G Minor,G,Minor,374769,6:14,La Zic,2026-07-03,False,False,False
minimal-deep-tech,89,What Did You Come For ?,Kolter,,Original Mix,Minimal / Deep Tech,131,Gb Minor,G,Minor,386234,6:26,Koltrax,2026-04-10,False,False,True
minimal-deep-tech,90,Authentic Computers 2.0,Kolter,,Original Mix,Minimal / Deep Tech,130,E Minor,E,Minor,376617,6:16,Koltrax,2026-04-10,False,False,False
minimal-deep-tech,91,Don't Stop ,Teedee,,Original Mix,Minimal / Deep Tech,132,E Major,E,Major,308018,5:08,COCO,2026-02-20,False,False,False
minimal-deep-tech,92,Jumpin' ,Pheelo,,Extended Mix,Minimal / Deep Tech,128,Gb Minor,G,Minor,330529,5:30,Criterio Music,2026-01-23,False,False,False
minimal-deep-tech,93,Fly Direct,SAMEFACES,,Original Mix,Minimal / Deep Tech,67,C Major,C,Major,404127,6:44,mlink,2025-05-04,False,False,False
minimal-deep-tech,94,Who You Talking To ?,Kolter,,Original Mix,Minimal / Deep Tech,132,F Minor,F,Minor,371680,6:11,Koltrax,2025-02-28,False,False,False
minimal-deep-tech,95,KILLERZ,Max Dean,,Original Mix,Minimal / Deep Tech,130,E Minor,E,Minor,388945,6:28,BOX RED,2023-09-08,False,False,False
minimal-deep-tech,96,Feel This ,Ben Griff,,Original Mix,Minimal / Deep Tech,131,Eb Minor,E,Minor,351755,5:51,WYLD,2026-09-04,False,False,False
minimal-deep-tech,97,Eternal ,Wheats,,Original Mix,Minimal / Deep Tech,131,D Major,D,Major,353592,5:53,UNLISH,2026-06-26,False,False,False
minimal-deep-tech,98,Mr. Sub Bass ,Ive Lovers,Ozzie Guven,Ozzie Guven Remix,Minimal / Deep Tech,132,B Minor,B,Minor,352727,5:52,range.,2025-10-30,False,False,False
minimal-deep-tech,99,Aftercito,Toman,,Original Mix,Minimal / Deep Tech,128,G Major,G,Major,375605,6:15,HIGH CEILINGS,2025-05-23,False,False,False
minimal-deep-tech,100,K.E.T.,SLAMM; Dan Molinari,,Amine Mix,Minimal / Deep Tech,130,Db Minor,D,Minor,268000,4:28,Chaste Records,2025-02-28,False,False,False
